,lat,lon,id,predictions
0,45.062409,7.698665,33707703922,"12 : 0.3724631, 1 : 0.12845474, 11 : 0.05521367"
1,45.070899,7.676439,34072340244,"9 : 0.7064652, 8 : 0.02320329, 7 : 0.01966552"
2,45.060599,7.644208,32332635126,"3 : 0.96193963, 3 : 0.010371178, 3 : 0.004911413"
3,45.064124,7.696137,31612106034,"5 : 0.40570417, 9 : 0.21326143, 5 : 0.018431297"
4,45.0698,7.688896,32983596320,"11 : 0.25419974, 10 : 0.05377012, 1 : 0.05348033"
5,45.073429,7.689614,33345465865,"8 : 0.48937392, 9 : 0.0838118, 8 : 0.05661895"
6,45.0698,7.688896,32515911244,"11 : 0.87960047, 2 : 0.009731174, 12 : 0.006987261"
7,45.073429,7.689614,33355996745,"11 : 0.55616474, 1 : 0.081958175, 2 : 0.039912153"
8,45.121066,7.629622,32647691230,"5 : 0.33148104, 1 : 0.059247162, 2 : 0.05031592"
9,45.106378,7.696609,32855764432,"8 : 0.15980068, 8 : 0.1125639, 8 : 0.10173249"
10,45.0667,7.7,32572605863,"13 : 0.69199973, 9 : 0.032729693, 13 : 0.031122398"
11,45.021582,7.66289,33354511516,"8 : 0.4241907, 8 : 0.1563322, 14 : 0.08392882"
12,45.071005,7.68558,33524800875,"13 : 0.2386443, 2 : 0.18765628, 12 : 0.10258708"
13,45.149464,7.767827,33700043465,"7 : 0.2819793, 13 : 0.21925685, 7 : 0.12748557"
14,45.149464,7.767827,33315928320,"13 : 0.9564113, 13 : 0.0021926267, 13 : 0.0010239695"
15,45.149464,7.767827,33315926170,"13 : 0.90339804, 13 : 0.00119526, 13 : 0.00094168645"
16,45.149464,7.767827,33570808111,"13 : 0.906006, 13 : 0.0008556004, 3 : 0.00056970335"
17,45.149464,7.767827,33659054726,"13 : 0.9596474, 5 : 0.0007743245, 13 : 0.00070331735"
18,45.149464,7.767827,33659052426,"13 : 0.62796247, 13 : 0.03696815, 13 : 0.013907015"
19,45.149464,7.767827,33570802761,"13 : 0.9688446, 13 : 0.001682017, 13 : 0.0007616055"
20,45.149464,7.767827,33570801051,"13 : 0.8352797, 13 : 0.020434504, 13 : 0.006402003"
21,45.149464,7.767827,32857434684,"13 : 0.9240649, 13 : 0.0021633278, 8 : 0.0021623417"
22,45.149464,7.767827,32886612873,"13 : 0.49624655, 13 : 0.32106397, 13 : 0.036126107"
23,45.149464,7.767827,32886609143,"13 : 0.9144098, 13 : 0.00085709157, 13 : 0.0008281572"
24,45.149464,7.767827,32886607883,"13 : 0.2309064, 13 : 0.2059074, 13 : 0.036792953"
25,45.149464,7.767827,33700022915,"13 : 0.7427729, 13 : 0.010802253, 13 : 0.006573443"
26,45.149464,7.767827,33570784891,"5 : 0.12344697, 13 : 0.025390476, 13 : 0.025014665"
27,45.149464,7.767827,33315890210,"13 : 0.563686, 13 : 0.023934219, 13 : 0.020275623"
28,45.149464,7.767827,33700017645,"13 : 0.9267128, 13 : 0.014539249, 13 : 0.0014100925"
29,45.149464,7.767827,33315881210,"13 : 0.94066346, 13 : 0.001749939, 13 : 0.0006040014"
30,45.149464,7.767827,33315876190,"13 : 0.741118, 13 : 0.045056485, 8 : 0.003403448"
31,45.149464,7.767827,33315871790,"8 : 0.12389627, 13 : 0.1099772, 8 : 0.062307518"
32,45.149464,7.767827,33315867040,"13 : 0.92666787, 8 : 0.0017023983, 2 : 0.0013862407"
33,45.149464,7.767827,33659022596,"13 : 0.9044361, 13 : 0.0008096507, 2 : 0.0007802137"
34,45.149464,7.767827,33315859830,"13 : 0.7902986, 13 : 0.010502766, 8 : 0.0016490875"
35,45.149464,7.767827,33659019676,"13 : 0.9384969, 13 : 0.0033907949, 7 : 0.00197011"
36,45.149464,7.767827,33659018076,"13 : 0.8590181, 8 : 0.00301894, 13 : 0.0017795082"
37,45.149464,7.767827,33659016346,"13 : 0.8909503, 13 : 0.0014543087, 13 : 0.0010773947"
38,45.149464,7.767827,33659014626,"13 : 0.8667238, 13 : 0.0018253239, 7 : 0.00097109185"
39,45.149464,7.767827,33570768691,"13 : 0.82899165, 13 : 0.005568631, 7 : 0.0037482537"
40,45.149464,7.767827,33570766921,"13 : 0.8422043, 13 : 0.024387518, 13 : 0.0014135473"
41,45.149464,7.767827,33570764821,"13 : 0.90803194, 13 : 0.0018784639, 13 : 0.00067203684"
42,45.149464,7.767827,32857392314,"13 : 0.75861645, 13 : 0.0045106723, 13 : 0.003307"
43,45.149464,7.767827,33543671132,"13 : 0.22494134, 13 : 0.12650448, 13 : 0.12541716"
44,45.149464,7.767827,33543668452,"13 : 0.75764054, 13 : 0.13249214, 13 : 0.015875708"
45,45.149464,7.767827,33543665032,"13 : 0.9298489, 13 : 0.004566461, 2 : 0.0037266386"
46,45.149464,7.767827,32886580443,"13 : 0.94560826, 13 : 0.005909623, 13 : 0.0006896752"
47,45.149464,7.767827,33543655412,"13 : 0.91833717, 13 : 0.0012935088, 13 : 0.0011107742"
48,45.149464,7.767827,33699990675,"13 : 0.68514574, 13 : 0.0026894493, 13 : 0.0025998664"
49,45.149464,7.767827,33699989625,"13 : 0.91140234, 13 : 0.008728901, 13 : 0.0017979674"
50,45.149464,7.767827,33315822670,"13 : 0.6494518, 8 : 0.030653466, 7 : 0.007556687"
51,45.149464,7.767827,32857376224,"13 : 0.88649213, 13 : 0.0011678846, 13 : 0.0009101434"
52,45.149464,7.767827,33543637722,"13 : 0.82024044, 13 : 0.0052115778, 13 : 0.0031561789"
53,45.149464,7.767827,33699980865,"13 : 0.96641827, 13 : 0.00059288315, 6 : 0.0005407326"
54,45.149464,7.767827,33315809260,"13 : 0.9758881, 13 : 0.005133949, 2 : 0.004123702"
55,45.149464,7.767827,33658984726,"13 : 0.6491893, 13 : 0.023221394, 7 : 0.0045626494"
56,45.149464,7.767827,33315804390,"13 : 0.92373264, 13 : 0.0060188845, 13 : 0.001859907"
57,45.149464,7.767827,33315802290,"13 : 0.93455994, 13 : 0.013762081, 13 : 0.0063573164"
58,45.149464,7.767827,33315800350,"13 : 0.9149955, 8 : 0.001389939, 2 : 0.0012470233"
59,45.149464,7.767827,32857364084,"13 : 0.46652934, 13 : 0.16001588, 13 : 0.06784364"
60,45.149464,7.767827,32857361664,"13 : 0.9180039, 13 : 0.001208706, 13 : 0.0011937745"
61,45.149464,7.767827,32857359794,"13 : 0.9674781, 13 : 0.0009841031, 8 : 0.0007147754"
62,45.149464,7.767827,32857358024,"13 : 0.5771043, 8 : 0.18624544, 13 : 0.029298982"
63,45.149464,7.767827,32857355964,"13 : 0.4748003, 13 : 0.08333946, 13 : 0.074665695"
64,45.149464,7.767827,33699963145,"13 : 0.24560156, 10 : 0.05326811, 10 : 0.051839028"
65,45.149464,7.767827,33699961995,"13 : 0.2612854, 13 : 0.10955183, 13 : 0.09237911"
66,45.149464,7.767827,33315787630,"13 : 0.69547886, 13 : 0.023493754, 13 : 0.018605102"
67,45.149464,7.767827,33658950966,"13 : 0.32731467, 7 : 0.13159162, 13 : 0.02482329"
68,45.07167,7.70844,33675313425,"2 : 0.18879797, 2 : 0.101650424, 12 : 0.09434512"
69,45.0667,7.7,32851737283,"11 : 0.37258998, 11 : 0.11509357, 1 : 0.10040376"
70,45.05948,7.69487,32970042243,"13 : 0.64476067, 13 : 0.23666367, 13 : 0.05619917"
71,45.071005,7.68558,32958405184,"14 : 0.6275047, 2 : 0.3102865, 2 : 0.00722744"
72,45.03258,7.666934,33115210753,"9 : 0.7130339, 8 : 0.03710893, 7 : 0.028084168"
73,45.066404,7.688737,33924322095,"1 : 0.39259055, 11 : 0.099282704, 1 : 0.034617163"
74,45.092097,7.685687,33937320951,"7 : 0.36878094, 7 : 0.03688796, 2 : 0.036381528"
75,45.069709,7.70399,34993355586,"1 : 0.20081812, 11 : 0.036871802, 5 : 0.022065833"
76,45.063224,7.697769,33897747980,"9 : 0.59849197, 9 : 0.1339202, 1 : 0.015416163"
77,45.0667,7.7,33268628473,"12 : 0.12588276, 3 : 0.10702009, 13 : 0.06746213"
78,45.068594,7.684383,34078042215,"4 : 0.06797003, 9 : 0.06701138, 7 : 0.04077591"
79,45.065027,7.695435,33694086090,"1 : 0.543443, 2 : 0.08482143, 1 : 0.07179111"
80,45.065027,7.695435,34078003495,"13 : 0.1484901, 3 : 0.13223866, 7 : 0.110803925"
81,45.065027,7.695435,33921518662,"7 : 0.4055975, 7 : 0.1887043, 12 : 0.09008882"
82,45.068888,7.693055,33693983190,"1 : 0.6671691, 11 : 0.0682847, 1 : 0.011363864"
83,45.068888,7.693055,33921463182,"1 : 0.32717353, 12 : 0.16046165, 1 : 0.12953107"
84,45.068888,7.693055,33236056974,"11 : 0.2510938, 1 : 0.13444711, 11 : 0.09882877"
85,45.071005,7.68558,33266774813,"11 : 0.31012493, 11 : 0.23714478, 11 : 0.06331708"
86,45.068594,7.684383,34077831145,"4 : 0.2292462, 12 : 0.105534844, 7 : 0.067160405"
87,45.068594,7.684383,34037926016,"10 : 0.15988484, 2 : 0.107918106, 13 : 0.031073848"
88,45.068594,7.684383,33693776750,"2 : 0.9400144, 1 : 0.024992932, 10 : 0.002885256"
89,45.068594,7.684383,33948353341,"12 : 0.29765213, 10 : 0.2702581, 10 : 0.1123652"
90,45.068594,7.684383,33948286161,"7 : 0.09123167, 1 : 0.060669646, 13 : 0.048166692"
91,45.068594,7.684383,33235792324,"12 : 0.3178743, 11 : 0.27632323, 1 : 0.057200138"
92,45.068594,7.684383,33948230021,"11 : 0.8791963, 9 : 0.0093385605, 14 : 0.007462083"
93,45.068594,7.684383,33693666610,"10 : 0.2701169, 7 : 0.26178792, 10 : 0.117468506"
94,45.068594,7.684383,33948162591,"7 : 0.33711, 10 : 0.11482089, 10 : 0.09919389"
95,45.065027,7.695435,33921043012,"1 : 0.95613486, 11 : 0.006132363, 1 : 0.0034050446"
96,45.062954,7.694724,33920765082,"5 : 0.80600286, 5 : 0.032589026, 5 : 0.024243155"
97,45.068291,7.686986,33374964394,"11 : 0.27332422, 1 : 0.17862566, 1 : 0.089953505"
98,45.068594,7.684383,34214409695,"13 : 0.23963763, 13 : 0.16126175, 7 : 0.047484238"
99,45.129403,7.762272,33395422043,"13 : 0.852376, 2 : 0.011975848, 7 : 0.0045727505"
100,45.065027,7.695435,34164721556,"9 : 0.7175426, 9 : 0.1269517, 1 : 0.017825022"
101,45.0667,7.7,34224675415,"2 : 0.7652704, 7 : 0.0047834166, 12 : 0.0036854527"
102,45.058026,7.680041,34066536782,"4 : 0.38839716, 9 : 0.19177042, 1 : 0.1551154"
103,45.068594,7.684383,33545910013,"3 : 0.60778147, 2 : 0.09703965, 2 : 0.032406446"
104,45.071702,7.685676,34191829764,"1 : 0.9879034, 1 : 0.0005998832, 11 : 0.0005172219"
105,45.081354,7.730255,35908028601,"8 : 0.9187716, 8 : 0.0057593295, 8 : 0.0048929676"
106,45.041719,7.650947,34272709070,"11 : 0.9508676, 1 : 0.009791174, 11 : 0.0041274196"
107,45.032463,7.641082,35068623911,"6 : 0.8006266, 5 : 0.047637448, 5 : 0.041718118"
108,45.057742,7.632442,34893502846,"13 : 0.47527233, 13 : 0.3256617, 13 : 0.01775293"
109,45.022108,7.654638,36028070765,"12 : 0.5014825, 7 : 0.10290277, 2 : 0.07946612"
110,45.065435,7.68367,34288781364,"10 : 0.12602438, 8 : 0.062992334, 9 : 0.054281402"
111,45.060426,7.676889,35235423972,"8 : 0.8626176, 8 : 0.042477205, 8 : 0.0021704067"
112,45.060426,7.676889,35235386262,"8 : 0.5338644, 8 : 0.1978858, 8 : 0.07808613"
113,45.060426,7.676889,35401557125,"1 : 0.060332287, 2 : 0.042278755, 10 : 0.034946017"
114,45.069125,7.693154,36758179634,"11 : 0.16860501, 2 : 0.08625816, 3 : 0.06759732"
115,45.046641,7.677191,26197243849,"9 : 0.07246587, 9 : 0.055283148, 8 : 0.043805283"
116,45.046508,7.677925,37942403012,"3 : 0.7571802, 3 : 0.04855619, 3 : 0.037478223"
117,45.046519,7.677958,26197240389,"3 : 0.7926317, 3 : 0.022213237, 12 : 0.013528799"
118,45.046486,7.677947,37262996904,"3 : 0.50556755, 3 : 0.1357374, 3 : 0.04865103"
119,45.046499,7.677944,37919289936,"3 : 0.8094683, 3 : 0.06666685, 3 : 0.027717773"
120,45.046519,7.677994,37262993944,"3 : 0.55214465, 3 : 0.09706566, 3 : 0.025932245"
121,45.064458,7.666139,24159443928,"7 : 0.70628554, 3 : 0.05223827, 8 : 0.029065786"
122,45.076697,7.6674,43931777732,"12 : 0.15470919, 3 : 0.067605846, 7 : 0.058346808"
123,45.076758,7.667927,29042205097,"8 : 0.096298434, 2 : 0.08422521, 14 : 0.078184344"
124,45.069758,7.683961,39225154245,"7 : 0.37147462, 3 : 0.10104976, 4 : 0.08130502"
125,45.068888,7.696111,37942681624,"6 : 0.22934663, 3 : 0.06432468, 6 : 0.04322852"
126,45.127766,7.629722,23950962847,"9 : 0.57851493, 4 : 0.11244185, 1 : 0.031569384"
127,45.07123,7.690539,38785893464,"9 : 0.18512155, 13 : 0.18054174, 11 : 0.1658748"
128,45.07123,7.690539,24612535617,"1 : 0.21834898, 13 : 0.07812572, 11 : 0.0547772"
129,45.07123,7.690539,39443561102,"1 : 0.37633693, 11 : 0.36593416, 11 : 0.07674542"
130,45.07123,7.690539,39468280621,"1 : 0.84326994, 11 : 0.057524387, 11 : 0.018788077"
131,45.07123,7.690539,25588130538,"1 : 0.43677536, 11 : 0.09577736, 11 : 0.0726009"
132,45.07123,7.690539,28350344629,"13 : 0.30607617, 9 : 0.15861739, 4 : 0.15158865"
133,45.07123,7.690539,39252398975,"9 : 0.3655009, 13 : 0.07255549, 9 : 0.051604457"
134,45.07123,7.690539,40114993752,"9 : 0.8771695, 8 : 0.03935488, 13 : 0.016952664"
135,45.07123,7.690539,25264075407,"1 : 0.5296159, 4 : 0.14868863, 11 : 0.06535756"
136,45.07123,7.690539,28341707219,"9 : 0.6830639, 4 : 0.10016422, 1 : 0.049448412"
137,45.073429,7.689614,25245099987,"1 : 0.28467095, 3 : 0.09773025, 11 : 0.06823742"
138,45.032463,7.641082,39623942160,"6 : 0.4355682, 13 : 0.09169144, 13 : 0.08437705"
139,45.069535,7.692768,27296897198,"1 : 0.7226129, 11 : 0.045777265, 1 : 0.0032425206"
140,45.032463,7.641082,41390565412,"6 : 0.7615161, 5 : 0.080285944, 11 : 0.05723923"
141,45.032463,7.641082,39607263850,"6 : 0.91006243, 5 : 0.018355481, 5 : 0.008201931"
142,45.048789,7.667566,40613127444,"13 : 0.5173058, 13 : 0.17204833, 13 : 0.1221943"
143,45.048789,7.667566,40430747515,"13 : 0.5962158, 13 : 0.14124894, 13 : 0.10309822"
144,45.048789,7.667566,40613126074,"13 : 0.5967638, 13 : 0.30865034, 13 : 0.02009911"
145,45.048789,7.667566,40430746535,"13 : 0.22158109, 13 : 0.20646854, 13 : 0.09966633"
146,45.048789,7.667566,40613124244,"13 : 0.41958007, 13 : 0.30107245, 13 : 0.20752643"
147,45.048789,7.667566,40430745675,"13 : 0.32626453, 13 : 0.31238464, 13 : 0.18800715"
148,45.048789,7.667566,40430744935,"13 : 0.23164685, 13 : 0.12189028, 13 : 0.07013983"
149,45.048789,7.667566,40430744325,"13 : 0.33807328, 13 : 0.055834066, 6 : 0.04556961"
150,45.048789,7.667566,40430743585,"13 : 0.44263315, 13 : 0.19101384, 13 : 0.06960602"
151,45.048789,7.667566,40430742845,"13 : 0.33557224, 13 : 0.25096267, 13 : 0.10485637"
152,45.048789,7.667566,41283915652,"2 : 0.13145864, 13 : 0.11446737, 13 : 0.09615923"
153,45.048789,7.667566,41283915192,"13 : 0.83046067, 13 : 0.12290379, 13 : 0.0069413627"
154,45.048789,7.667566,40613113724,"13 : 0.7765054, 13 : 0.10995022, 13 : 0.039431546"
155,45.081871,7.581242,40740702125,"13 : 0.8033888, 13 : 0.10120264, 13 : 0.009788039"
156,45.080136,7.76723,46690057795,"11 : 0.8310546, 11 : 0.053871166, 11 : 0.041754387"
157,45.066841,7.660517,46317308005,"13 : 0.34473556, 13 : 0.16347998, 2 : 0.09522372"
158,45.067342,7.682189,41117381450,"9 : 0.22961245, 7 : 0.03861968, 7 : 0.034819257"
159,45.067342,7.682189,29054802318,"7 : 0.5087558, 7 : 0.2393855, 7 : 0.033498324"
160,45.067342,7.682189,42927614401,"3 : 0.32692894, 7 : 0.23861058, 2 : 0.042267825"
161,45.050513,7.685558,41395181035,"11 : 0.78141785, 1 : 0.055040758, 11 : 0.03287916"
162,45.072933,7.681997,41977218562,"1 : 0.6225998, 2 : 0.08513457, 12 : 0.056066986"
163,45.080787,7.767591,41375312834,"2 : 0.93199074, 9 : 0.06619751, 10 : 4.5368004e-05"
164,45.067716,7.682533,42813998402,"1 : 0.90831906, 1 : 0.02447606, 11 : 0.01657405"
165,45.073502,7.678954,42192082825,"7 : 0.11890318, 7 : 0.105595395, 7 : 0.08817282"
166,45.060178,7.697522,39888908113,"1 : 0.95763326, 1 : 0.0064029857, 1 : 0.006393723"
167,45.071933,7.683366,29699905718,"1 : 0.3574079, 11 : 0.27054325, 1 : 0.07130224"
168,45.069077,7.686469,28683409547,"2 : 0.3795105, 11 : 0.34878954, 11 : 0.0929611"
169,45.070766,7.685227,43524071892,"2 : 0.37625852, 11 : 0.22659352, 13 : 0.08853125"
170,45.0686,7.686741,29699905978,"1 : 0.81026065, 1 : 0.01643194, 1 : 0.006666923"
171,45.069602,7.686436,28683409637,"9 : 0.5713977, 2 : 0.20000498, 11 : 0.025212668"
172,45.0686,7.686741,43524071852,"1 : 0.26310992, 2 : 0.12372826, 1 : 0.07274893"
173,45.069033,7.686541,28683409327,"1 : 0.94122666, 1 : 0.015915003, 11 : 0.008003643"
174,45.071983,7.683333,43570543451,"1 : 0.31659406, 11 : 0.14987075, 11 : 0.13067603"
175,45.064245,7.697145,43621792622,"5 : 0.27257985, 5 : 0.16920309, 5 : 0.14017853"
176,45.136259,7.626078,30111933708,"7 : 0.7857136, 7 : 0.053728174, 7 : 0.045163453"
177,45.136259,7.626078,42171492350,"3 : 0.30521774, 7 : 0.28321773, 7 : 0.04954416"
178,45.136259,7.626078,29909356588,"7 : 0.25479648, 3 : 0.10882306, 7 : 0.095253445"
179,45.136259,7.626078,28843517737,"3 : 0.20507862, 7 : 0.069093674, 7 : 0.05037878"
180,45.136259,7.626078,43980514861,"7 : 0.17256747, 7 : 0.16844034, 7 : 0.125234"
181,45.136259,7.626078,28843475007,"7 : 0.62209874, 7 : 0.058587782, 2 : 0.03823053"
182,45.136259,7.626078,29909320428,"13 : 0.41411486, 13 : 0.1644755, 13 : 0.14798172"
183,45.055282,7.684786,45075199591,"1 : 0.69031996, 1 : 0.20948431, 11 : 0.0038354984"
184,45.097753,7.688938,45058375351,"13 : 0.9646469, 13 : 0.033617567, 13 : 0.00118827"
185,45.098745,7.688466,30475193078,"13 : 0.32014516, 13 : 0.185091, 13 : 0.091192946"
186,45.097753,7.688938,44338908054,"13 : 0.93444127, 13 : 0.02976995, 13 : 0.0142083345"
187,45.097753,7.688938,44147398375,"13 : 0.536828, 13 : 0.2779606, 13 : 0.12131982"
188,45.097753,7.688938,30122556577,"13 : 0.5295602, 13 : 0.24393931, 13 : 0.090061255"
189,45.097753,7.688938,44147364725,"13 : 0.478069, 13 : 0.39463815, 13 : 0.06796108"
190,45.097753,7.688938,30122523097,"13 : 0.6397969, 13 : 0.3097428, 13 : 0.0050601023"
191,45.097753,7.688938,45010238062,"13 : 0.9438389, 13 : 0.03252898, 13 : 0.002758621"
192,45.097753,7.688938,43247566390,"13 : 0.99685705, 13 : 0.0026544966, 13 : 0.00010559376"
193,45.097753,7.688938,45010185682,"13 : 0.47371468, 13 : 0.23718454, 13 : 0.052819103"
194,45.098745,7.688466,44341915741,"13 : 0.81949186, 2 : 0.06643032, 13 : 0.022339176"
195,45.098745,7.688466,44341914761,"13 : 0.9524473, 13 : 0.031184899, 13 : 0.013012676"
196,45.098745,7.688466,43436436545,"13 : 0.97090316, 13 : 0.016041137, 13 : 0.0020521672"
197,45.098745,7.688466,43436436295,"13 : 0.530326, 13 : 0.42601433, 13 : 0.01222518"
198,45.098745,7.688466,30475189598,"13 : 0.7435416, 7 : 0.123408034, 13 : 0.010092558"
199,45.098745,7.688466,44341914101,"13 : 0.5882354, 13 : 0.13975732, 13 : 0.08534265"
200,45.098745,7.688466,44341913441,"13 : 0.7895361, 13 : 0.061171714, 13 : 0.046306774"
201,45.098745,7.688466,42534222910,"13 : 0.617706, 13 : 0.3696643, 13 : 0.0017741569"
202,45.098745,7.688466,44341913221,"13 : 0.8679563, 2 : 0.014676426, 10 : 0.0052585853"
203,45.098745,7.688466,44341913111,"13 : 0.92036843, 13 : 0.04204074, 13 : 0.015371822"
204,45.098745,7.688466,30475187128,"13 : 0.81008434, 2 : 0.011335139, 3 : 0.010031369"
205,45.098745,7.688466,30475186818,"13 : 0.5355819, 13 : 0.34574854, 13 : 0.0839416"
206,45.098745,7.688466,44341912841,"13 : 0.8394648, 13 : 0.066976525, 13 : 0.04924942"
207,45.098745,7.688466,30475186298,"13 : 0.99707496, 13 : 0.0020998, 13 : 0.00016290133"
208,45.098745,7.688466,30475186148,"13 : 0.96658593, 13 : 0.0057762824, 13 : 0.005619882"
209,45.098745,7.688466,30475185838,"13 : 0.9914892, 13 : 0.00063493196, 13 : 0.00058406964"
210,45.098745,7.688466,44341912201,"13 : 0.92526, 13 : 0.058094297, 13 : 0.0040230956"
211,45.098745,7.688466,44341912051,"13 : 0.98749965, 13 : 0.005886645, 13 : 0.0025408634"
212,45.098745,7.688466,42534221190,"13 : 0.58428085, 13 : 0.2938607, 13 : 0.08823652"
213,45.098745,7.688466,30475184058,"13 : 0.6760684, 13 : 0.26022786, 13 : 0.028381007"
214,45.098745,7.688466,42534221260,"13 : 0.89138466, 13 : 0.06934663, 13 : 0.022909435"
215,45.098745,7.688466,30475183828,"13 : 0.7461755, 13 : 0.09851922, 13 : 0.033478998"
216,45.098745,7.688466,30475183498,"13 : 0.56173635, 13 : 0.3763365, 13 : 0.05537602"
217,45.098745,7.688466,44341910931,"13 : 0.70321405, 13 : 0.28474045, 13 : 0.009008271"
218,45.098745,7.688466,43436430765,"13 : 0.87190557, 13 : 0.038039822, 13 : 0.037703246"
219,45.098745,7.688466,42534219820,"13 : 0.8587621, 13 : 0.11297083, 13 : 0.017750116"
220,45.098745,7.688466,30475179468,"13 : 0.5023292, 13 : 0.27752686, 13 : 0.07840593"
221,45.098745,7.688466,42534218600,"13 : 0.6098434, 13 : 0.33660477, 13 : 0.044969153"
222,45.098745,7.688466,42534218440,"13 : 0.5806794, 13 : 0.33495858, 13 : 0.07840264"
223,45.098745,7.688466,30475176938,"13 : 0.8618643, 13 : 0.088207446, 13 : 0.025587192"
224,45.098745,7.688466,30475176428,"13 : 0.72261477, 13 : 0.2107804, 13 : 0.052822296"
225,45.098745,7.688466,43436427855,"13 : 0.83170754, 13 : 0.079561956, 13 : 0.05658022"
226,45.098745,7.688466,43436427645,"13 : 0.7550274, 13 : 0.192368, 13 : 0.013012682"
227,45.098745,7.688466,30475175788,"13 : 0.9173733, 13 : 0.023386614, 13 : 0.022043083"
228,45.098745,7.688466,42534217240,"13 : 0.9498202, 13 : 0.021124616, 13 : 0.010734068"
229,45.098745,7.688466,42534217020,"13 : 0.86947346, 13 : 0.06404724, 13 : 0.023643078"
230,45.098745,7.688466,42534217120,"13 : 0.75483507, 13 : 0.11484964, 13 : 0.058970757"
231,45.098745,7.688466,42534216740,"13 : 0.53400004, 13 : 0.45715317, 13 : 0.0021672817"
232,45.098745,7.688466,43436426695,"13 : 0.5902237, 13 : 0.34134975, 13 : 0.05144006"
233,45.098745,7.688466,42534216620,"13 : 0.7461686, 13 : 0.1803933, 13 : 0.06123757"
234,45.098745,7.688466,43436425795,"13 : 0.9006846, 13 : 0.021175224, 13 : 0.009550782"
235,45.098745,7.688466,43436425405,"13 : 0.44931757, 13 : 0.17062086, 13 : 0.12415826"
236,45.098745,7.688466,44341904781,"13 : 0.8992263, 13 : 0.056701183, 13 : 0.01020182"
237,45.098745,7.688466,43436424945,"13 : 0.57284063, 13 : 0.07596229, 13 : 0.067514405"
238,45.098745,7.688466,43436424655,"13 : 0.56968135, 13 : 0.4026165, 13 : 0.0051266234"
239,45.098745,7.688466,44341904391,"13 : 0.74228066, 13 : 0.026070235, 13 : 0.013649128"
240,45.098745,7.688466,43436424375,"13 : 0.5383103, 13 : 0.29397485, 13 : 0.009085619"
241,45.098745,7.688466,44341903981,"13 : 0.7752371, 13 : 0.09802416, 13 : 0.05359593"
242,45.098745,7.688466,44341904091,"13 : 0.59262615, 13 : 0.19349542, 13 : 0.035404403"
243,45.098745,7.688466,44341903751,"13 : 0.6143993, 13 : 0.32398313, 13 : 0.018740999"
244,45.098745,7.688466,44341903821,"13 : 0.5160217, 13 : 0.32549426, 13 : 0.068957955"
245,45.098745,7.688466,44341903461,"13 : 0.63597375, 13 : 0.1736864, 13 : 0.123062305"
246,45.098745,7.688466,43436423025,"13 : 0.6578626, 13 : 0.17038395, 13 : 0.06398438"
247,45.098745,7.688466,43436423175,"13 : 0.5933228, 13 : 0.24338984, 13 : 0.028678825"
248,45.098745,7.688466,43436383315,"13 : 0.9793306, 13 : 0.01928879, 13 : 0.0012250035"
249,45.098745,7.688466,43436383095,"13 : 0.9347908, 13 : 0.06118356, 13 : 0.0015467583"
250,45.098745,7.688466,43436382925,"13 : 0.9938719, 13 : 0.0043125227, 13 : 0.001322718"
251,45.098745,7.688466,43625650264,"13 : 0.99312794, 13 : 0.0030002152, 13 : 0.0021726077"
252,45.098745,7.688466,43436382715,"13 : 0.99902916, 13 : 0.0003457615, 13 : 0.00018729545"
253,45.098745,7.688466,43625650034,"13 : 0.94559395, 13 : 0.051651586, 13 : 0.0010141424"
254,45.098745,7.688466,43625649874,"13 : 0.9419285, 13 : 0.054763634, 13 : 0.002484823"
255,45.098745,7.688466,43625649734,"13 : 0.94576526, 13 : 0.052909654, 13 : 0.0004940306"
256,45.098745,7.688466,43436382285,"13 : 0.876168, 13 : 0.09592261, 13 : 0.007998019"
257,45.098745,7.688466,43436382255,"13 : 0.9981584, 13 : 0.0015758299, 13 : 0.00019794356"
258,45.098745,7.688466,43625649574,"13 : 0.9443116, 13 : 0.05113612, 13 : 0.003896415"
259,45.098745,7.688466,43436382115,"13 : 0.957972, 13 : 0.034865454, 7 : 0.0010019474"
260,45.098745,7.688466,42534180220,"13 : 0.6811721, 13 : 0.22414438, 13 : 0.029996805"
261,45.098745,7.688466,44293648372,"13 : 0.99566144, 13 : 0.0021602826, 13 : 0.00065744616"
262,45.098745,7.688466,30475116978,"13 : 0.99307245, 13 : 0.0053618136, 13 : 0.0004385282"
263,45.098745,7.688466,43436381315,"13 : 0.6775914, 13 : 0.31080344, 13 : 0.0077736992"
264,45.098745,7.688466,43436381175,"13 : 0.950597, 13 : 0.04240507, 13 : 0.004073366"
265,45.098745,7.688466,44293647092,"13 : 0.98169875, 13 : 0.0070043188, 13 : 0.0052930927"
266,45.098745,7.688466,44293646962,"13 : 0.99634606, 13 : 0.0016556738, 13 : 0.00017855248"
267,45.098745,7.688466,43436380805,"13 : 0.9721228, 13 : 0.015466051, 13 : 0.0026955656"
268,45.098745,7.688466,44341854931,"13 : 0.9959785, 13 : 0.001945763, 13 : 0.00020937705"
269,45.098745,7.688466,43625647944,"13 : 0.9990294, 13 : 0.00033615078, 13 : 0.00013197075"
270,45.098745,7.688466,44293645672,"13 : 0.9820879, 13 : 0.009954741, 13 : 0.0068970527"
271,45.098745,7.688466,44293644672,"13 : 0.9930947, 13 : 0.00568336, 13 : 0.0009549245"
272,45.098745,7.688466,30475113118,"13 : 0.9666403, 13 : 0.03138193, 13 : 0.0007802746"
273,45.098745,7.688466,44293641992,"13 : 0.9942826, 13 : 0.002402802, 13 : 0.0020714793"
274,45.057505,7.709441,45204966691,"1 : 0.31770134, 5 : 0.18900818, 1 : 0.16346364"
275,45.073888,7.6875,30409566517,"10 : 0.041009743, 6 : 0.039460484, 9 : 0.038550448"
276,45.047527,7.673913,45983198421,"13 : 0.23498118, 4 : 0.17344736, 13 : 0.09763702"
277,45.047527,7.673913,45071346855,"13 : 0.33461815, 8 : 0.10859545, 7 : 0.065862864"
278,45.047527,7.673913,45071346065,"13 : 0.08945648, 5 : 0.082315736, 13 : 0.07258113"
279,45.047527,7.673913,32112287508,"13 : 0.8524297, 13 : 0.070919685, 4 : 0.018449971"
280,45.047527,7.673913,45983192681,"13 : 0.33074325, 13 : 0.15278186, 13 : 0.08780626"
281,45.047527,7.673913,44167120720,"13 : 0.13224491, 2 : 0.07592897, 2 : 0.05986484"
282,45.047527,7.673913,31044286797,"13 : 0.26270962, 13 : 0.14213403, 13 : 0.09016784"
283,45.073452,7.70192,45040675305,"3 : 0.6049583, 4 : 0.031567946, 7 : 0.023055935"
284,45.069011,7.693295,46177971661,"3 : 0.59470534, 11 : 0.033846404, 12 : 0.030988686"
285,45.069011,7.693295,46127042902,"2 : 0.4950164, 1 : 0.17852612, 11 : 0.10894579"
286,45.071821,7.685755,46127035772,"7 : 0.5640575, 10 : 0.19010672, 2 : 0.029221045"
287,45.070943,7.685873,46127030532,"11 : 0.19251041, 9 : 0.1085531, 1 : 0.10423"
288,45.070943,7.685873,46127025472,"4 : 0.22281887, 2 : 0.12415453, 1 : 0.11502096"
289,45.070943,7.685873,46127021462,"1 : 0.95956254, 12 : 0.0054694614, 2 : 0.003366467"
290,45.070943,7.685873,45265316585,"3 : 0.57452184, 12 : 0.09693249, 1 : 0.047209255"
291,45.070943,7.685873,44360737950,"2 : 0.9224163, 11 : 0.015441534, 11 : 0.010450512"
292,45.071196,7.685068,45453850614,"1 : 0.8714633, 1 : 0.015908279, 9 : 0.0021793013"
293,45.071196,7.685068,45453846064,"1 : 0.96841997, 1 : 0.001170232, 7 : 0.0006068814"
294,45.068296,7.683001,32305998988,"1 : 0.86142004, 1 : 0.022900788, 11 : 0.007445597"
295,45.067811,7.682796,32305995088,"1 : 0.634367, 11 : 0.15185003, 1 : 0.034729145"
296,45.067811,7.682796,32305990558,"1 : 0.88421583, 11 : 0.050526842, 1 : 0.004983547"
297,45.067811,7.682796,32305985218,"1 : 0.9407392, 12 : 0.012469873, 13 : 0.0058863917"
298,45.059805,7.697306,32467071508,"9 : 0.24080439, 8 : 0.2000248, 1 : 0.120585255"
299,45.147638,7.597222,46198399012,"5 : 0.08233853, 2 : 0.011330063, 9 : 0.011152031"
300,45.07,7.693611,45512229705,"1 : 0.59233177, 1 : 0.07924136, 11 : 0.02344349"
301,45.072963,7.681138,31600775547,"5 : 0.080592826, 3 : 0.06506802, 13 : 0.05090731"
302,45.03245,7.667255,46651440902,"8 : 0.57822686, 8 : 0.07374863, 9 : 0.025963023"
303,45.072262,7.576274,46531015622,"11 : 0.18222816, 2 : 0.09116571, 7 : 0.04691408"
304,45.078536,7.667158,32663211578,"3 : 0.40259776, 3 : 0.10230095, 3 : 0.07949928"
305,45.07768,7.677243,32870357768,"8 : 0.31638432, 4 : 0.033003468, 8 : 0.031500164"
306,45.076346,7.67984,46745572251,"10 : 0.20063166, 7 : 0.047706146, 11 : 0.04084989"
307,45.069042,7.69339,39968964793,"1 : 0.32210818, 1 : 0.19649297, 11 : 0.12314653"
308,45.069042,7.69339,39968964433,"1 : 0.8823636, 1 : 0.03805946, 1 : 0.006196033"
309,45.070899,7.687232,39968964003,"1 : 0.6253884, 11 : 0.071374446, 1 : 0.04328455"
310,45.07205,7.684818,39968963763,"11 : 0.31918415, 11 : 0.25547144, 1 : 0.10230167"
311,45.071626,7.685247,39968963513,"11 : 0.8019174, 1 : 0.08165979, 1 : 0.027652338"
312,45.071149,7.685086,39968963243,"1 : 0.3933862, 11 : 0.23107031, 1 : 0.171515"
313,45.073566,7.685043,39968962983,"11 : 0.9855694, 1 : 0.0028028756, 11 : 0.001378122"
314,45.032602,7.665902,47131911321,"9 : 0.26376927, 11 : 0.13481642, 13 : 0.039032362"
315,45.042529,7.651344,47485195882,"13 : 0.43014303, 6 : 0.032086845, 2 : 0.025105888"
316,45.042529,7.651344,47537896211,"13 : 0.28879845, 13 : 0.06071088, 9 : 0.056918137"
317,45.042529,7.651344,40571870443,"13 : 0.40869743, 13 : 0.20021744, 13 : 0.1349007"
318,45.042529,7.651344,32595463907,"13 : 0.18270062, 13 : 0.12474091, 7 : 0.032490656"
319,45.042529,7.651344,47537903301,"13 : 0.3380942, 13 : 0.0490958, 6 : 0.02736404"
320,45.042529,7.651344,32595463877,"13 : 0.6801462, 13 : 0.23332228, 13 : 0.04217089"
321,45.042529,7.651344,32595463807,"9 : 0.457773, 13 : 0.032577727, 13 : 0.025517251"
322,45.042529,7.651344,32595463677,"13 : 0.71289366, 13 : 0.08138338, 7 : 0.043450437"
323,45.042529,7.651344,47537902241,"7 : 0.09667834, 7 : 0.082941845, 13 : 0.074543364"
324,45.042529,7.651344,47537902091,"13 : 0.8511225, 9 : 0.045568842, 13 : 0.013387227"
325,45.042529,7.651344,40571868513,"13 : 0.4274346, 13 : 0.11975285, 13 : 0.071559876"
326,45.042529,7.651344,40571868583,"9 : 0.52407235, 13 : 0.1725071, 13 : 0.0778547"
327,45.042529,7.651344,46814250904,"9 : 0.31496084, 13 : 0.114503026, 7 : 0.057422914"
328,45.042529,7.651344,40571868433,"13 : 0.49657208, 13 : 0.2933863, 13 : 0.13395362"
329,45.042529,7.651344,47537901651,"13 : 0.7431071, 13 : 0.034391362, 13 : 0.025564326"
330,45.042529,7.651344,47537901401,"13 : 0.3133589, 13 : 0.15686433, 13 : 0.13838205"
331,45.042529,7.651344,47485196362,"13 : 0.51987815, 1 : 0.05303662, 8 : 0.03537179"
332,45.042529,7.651344,47537901271,"13 : 0.16195807, 7 : 0.1109506, 7 : 0.07148562"
333,45.042529,7.651344,47537901151,"13 : 0.9072737, 13 : 0.023655733, 13 : 0.0072229244"
334,45.042529,7.651344,47537900591,"13 : 0.99087054, 13 : 0.006688867, 13 : 0.00031812105"
335,45.042529,7.651344,47485196002,"13 : 0.61013836, 7 : 0.08458525, 7 : 0.04602602"
336,45.042529,7.651344,47537900151,"13 : 0.25418845, 11 : 0.11659869, 13 : 0.11357402"
337,45.042529,7.651344,47537900301,"13 : 0.47860613, 9 : 0.18385845, 13 : 0.09765404"
338,45.042529,7.651344,47537900061,"13 : 0.9775358, 2 : 0.004459178, 13 : 0.0030726881"
339,45.042529,7.651344,47485195802,"13 : 0.807678, 13 : 0.10891151, 13 : 0.051582582"
340,45.042529,7.651344,47537899921,"13 : 0.20928778, 13 : 0.108421035, 7 : 0.07535072"
341,45.042529,7.651344,47485195762,"13 : 0.6701057, 13 : 0.2765829, 2 : 0.006673726"
342,45.042529,7.651344,47537899631,"13 : 0.7659974, 13 : 0.1662928, 13 : 0.01212415"
343,45.042529,7.651344,47537899761,"13 : 0.56123316, 13 : 0.07429943, 13 : 0.032403268"
344,45.042529,7.651344,47537899491,"13 : 0.3989058, 11 : 0.22967958, 13 : 0.08648629"
345,45.042529,7.651344,47485195712,"13 : 0.8959769, 13 : 0.045522638, 7 : 0.01023551"
346,45.042529,7.651344,47537899371,"13 : 0.9287114, 13 : 0.044177525, 14 : 0.0062912097"
347,45.042529,7.651344,47485195612,"13 : 0.49413392, 13 : 0.18856539, 7 : 0.01754168"
348,45.042529,7.651344,47537899031,"13 : 0.43791777, 3 : 0.23575412, 13 : 0.14560859"
349,45.042529,7.651344,47537898471,"13 : 0.9638224, 13 : 0.022740027, 13 : 0.0022885597"
350,45.042529,7.651344,47537898341,"13 : 0.90735257, 13 : 0.022765722, 13 : 0.015428089"
351,45.042529,7.651344,47537898141,"13 : 0.47766036, 13 : 0.17387731, 13 : 0.07769343"
352,45.042529,7.651344,47485195122,"9 : 0.6776787, 13 : 0.27643463, 13 : 0.016571175"
353,45.042529,7.651344,47537897871,"13 : 0.94698006, 7 : 0.008354858, 13 : 0.004616253"
354,45.042529,7.651344,47485195052,"13 : 0.9172457, 9 : 0.020837259, 13 : 0.01745571"
355,45.042529,7.651344,47537897731,"13 : 0.86514264, 7 : 0.050252087, 14 : 0.020745767"
356,45.042529,7.651344,47485194992,"9 : 0.56055313, 13 : 0.27154392, 13 : 0.094664276"
357,45.042529,7.651344,47537897571,"13 : 0.98266023, 13 : 0.0086855525, 7 : 0.0019574922"
358,45.042529,7.651344,47485194962,"13 : 0.9192358, 13 : 0.04015815, 7 : 0.0063379225"
359,45.042529,7.651344,47537897601,"13 : 0.9842854, 13 : 0.013178405, 14 : 0.0006592204"
360,45.042529,7.651344,47537897491,"13 : 0.8630722, 13 : 0.05698798, 13 : 0.021264592"
361,45.042529,7.651344,47537897471,"13 : 0.7991029, 7 : 0.07198816, 13 : 0.029365633"
362,45.042529,7.651344,47537896761,"7 : 0.75722235, 13 : 0.043602716, 13 : 0.026209477"
363,45.042529,7.651344,47537896321,"13 : 0.31746858, 13 : 0.0965062, 4 : 0.07734454"
364,45.042529,7.651344,46622394855,"9 : 0.3910271, 13 : 0.3709178, 7 : 0.09600239"
365,45.042529,7.651344,47485194452,"13 : 0.7507585, 13 : 0.18035223, 13 : 0.019610535"
366,45.042529,7.651344,47537896011,"13 : 0.46818033, 13 : 0.20508079, 7 : 0.046112016"
367,45.042529,7.651344,46622394755,"13 : 0.31872845, 13 : 0.31057853, 13 : 0.2676785"
368,45.042529,7.651344,46622394815,"7 : 0.41778526, 13 : 0.17183523, 2 : 0.054906677"
369,45.042529,7.651344,47537895831,"13 : 0.34512192, 13 : 0.11591582, 13 : 0.053956088"
370,45.042529,7.651344,47537895481,"13 : 0.7038951, 13 : 0.1357032, 11 : 0.07253915"
371,45.042529,7.651344,46622394425,"13 : 0.6875587, 1 : 0.07097221, 11 : 0.06497252"
372,45.042529,7.651344,46622394365,"9 : 0.1971682, 13 : 0.17319515, 13 : 0.12617561"
373,45.042529,7.651344,47537895161,"13 : 0.6762687, 13 : 0.13139844, 9 : 0.033948626"
374,45.042529,7.651344,47537894901,"13 : 0.46926725, 13 : 0.3619748, 9 : 0.074989475"
375,45.041613,7.652277,46738535604,"13 : 0.53013456, 13 : 0.10252253, 2 : 0.06642713"
376,45.041613,7.652277,46546385545,"13 : 0.44192895, 13 : 0.13262895, 13 : 0.07931004"
377,45.041613,7.652277,32519906427,"13 : 0.4434068, 13 : 0.14865488, 13 : 0.04303033"
378,45.041613,7.652277,46546385405,"13 : 0.3224644, 13 : 0.11030307, 13 : 0.094629705"
379,45.041613,7.652277,47408698982,"13 : 0.8543938, 13 : 0.042472377, 13 : 0.039192107"
380,45.041613,7.652277,46546385085,"13 : 0.35088277, 13 : 0.158258, 2 : 0.12055829"
381,45.041613,7.652277,47408698592,"13 : 0.6146077, 13 : 0.3607879, 13 : 0.003801181"
382,45.041613,7.652277,46546384845,"13 : 0.7742358, 13 : 0.21777096, 13 : 0.0009904822"
383,45.041613,7.652277,46546384565,"13 : 0.56091076, 13 : 0.27602768, 13 : 0.032487337"
384,45.041613,7.652277,47408698042,"13 : 0.9616515, 13 : 0.023135046, 13 : 0.0031641978"
385,45.041613,7.652277,46546384355,"13 : 0.8074644, 13 : 0.034912065, 13 : 0.026077515"
386,45.041613,7.652277,47408697732,"13 : 0.5425525, 13 : 0.39195636, 13 : 0.017030997"
387,45.041613,7.652277,46546384215,"13 : 0.5370288, 13 : 0.19300798, 13 : 0.05471381"
388,45.041613,7.652277,46546384055,"13 : 0.68414974, 13 : 0.17604518, 13 : 0.013571334"
389,45.041613,7.652277,47408697322,"13 : 0.30179268, 13 : 0.06007708, 13 : 0.05067346"
390,45.041613,7.652277,46546383785,"13 : 0.29420492, 13 : 0.10885167, 13 : 0.0715981"
391,45.041613,7.652277,47408696982,"13 : 0.4862053, 13 : 0.10080011, 13 : 0.083198525"
392,45.041613,7.652277,33585334448,"13 : 0.69757074, 13 : 0.19405897, 13 : 0.016467042"
393,45.041613,7.652277,33585334318,"13 : 0.5228023, 13 : 0.21655762, 13 : 0.03592698"
394,45.041613,7.652277,47408696512,"13 : 0.929996, 13 : 0.019049495, 13 : 0.012236814"
395,45.041613,7.652277,33585334108,"13 : 0.80692166, 13 : 0.045341536, 13 : 0.031419177"
396,45.041613,7.652277,33585334008,"13 : 0.69894665, 13 : 0.18040809, 13 : 0.042095974"
397,45.041613,7.652277,47408696272,"13 : 0.44591507, 13 : 0.20556498, 13 : 0.17305891"
398,45.041613,7.652277,47408696062,"13 : 0.9086744, 13 : 0.05087229, 13 : 0.02140667"
399,45.041613,7.652277,33585333808,"13 : 0.7105606, 13 : 0.15929303, 13 : 0.04522201"
400,45.041613,7.652277,33585333548,"13 : 0.36762324, 13 : 0.30558118, 13 : 0.117892586"
401,45.041613,7.652277,46546382735,"13 : 0.39026555, 13 : 0.30909783, 13 : 0.11967212"
402,45.041613,7.652277,46738531424,"13 : 0.57249874, 13 : 0.0798172, 13 : 0.067589715"
403,45.041613,7.652277,46546382595,"13 : 0.44724655, 13 : 0.19648497, 13 : 0.15243407"
404,45.041613,7.652277,46738531264,"13 : 0.9839516, 13 : 0.008477114, 13 : 0.0024737732"
405,45.041613,7.652277,46546382355,"13 : 0.93384516, 13 : 0.05545657, 13 : 0.0039320453"
406,45.041613,7.652277,46738530914,"13 : 0.9746551, 13 : 0.009656049, 13 : 0.0076750815"
407,45.041613,7.652277,46546381975,"13 : 0.9989318, 13 : 0.00039723772, 13 : 0.00014058288"
408,45.041613,7.652277,46738530674,"13 : 0.8031464, 13 : 0.16015342, 13 : 0.013825745"
409,45.041613,7.652277,46738530414,"13 : 0.81216776, 13 : 0.15354353, 13 : 0.015279402"
410,45.041613,7.652277,46546381355,"13 : 0.7277577, 13 : 0.05669591, 13 : 0.042658567"
411,45.041613,7.652277,46546381065,"12 : 0.23009261, 13 : 0.2204785, 2 : 0.104346804"
412,45.041613,7.652277,46546380725,"13 : 0.8828953, 13 : 0.01711622, 12 : 0.004845728"
413,45.041613,7.652277,46738529664,"13 : 0.9805643, 13 : 0.004764236, 10 : 0.0011617645"
414,45.041613,7.652277,33585331098,"13 : 0.91835, 10 : 0.026942825, 13 : 0.009242525"
415,45.041613,7.652277,33585330848,"13 : 0.7350957, 13 : 0.19583035, 13 : 0.013520691"
416,45.041613,7.652277,46738529374,"13 : 0.76797754, 13 : 0.19680436, 13 : 0.0047109197"
417,45.041613,7.652277,33585330598,"13 : 0.77290964, 13 : 0.1599617, 3 : 0.005113765"
418,45.041613,7.652277,46738528994,"13 : 0.85621357, 13 : 0.07032023, 13 : 0.036325086"
419,45.041613,7.652277,46738528894,"13 : 0.72221684, 13 : 0.097003594, 13 : 0.027797813"
420,45.041613,7.652277,33585329938,"13 : 0.62304354, 13 : 0.33889347, 13 : 0.0035653715"
421,45.041613,7.652277,46546378785,"13 : 0.28513333, 13 : 0.1035073, 13 : 0.06920841"
422,45.041613,7.652277,46546378525,"13 : 0.16150804, 13 : 0.11522245, 13 : 0.11038592"
423,45.041613,7.652277,46738528104,"13 : 0.16157189, 13 : 0.15384647, 13 : 0.08441197"
424,45.041613,7.652277,40495618343,"13 : 0.21410728, 13 : 0.14783105, 13 : 0.095750265"
425,45.041613,7.652277,40495618273,"13 : 0.69860214, 13 : 0.05885033, 2 : 0.027551575"
426,45.041613,7.652277,33585329198,"13 : 0.98992306, 13 : 0.006171258, 13 : 0.0030540915"
427,45.041613,7.652277,33585329068,"13 : 0.98847765, 13 : 0.005784227, 13 : 0.0010478153"
428,45.041613,7.652277,40495618073,"13 : 0.9765519, 13 : 0.009424716, 13 : 0.00285869"
429,45.041613,7.652277,33585328958,"13 : 0.97278214, 13 : 0.0074356357, 2 : 0.0023314052"
430,45.041613,7.652277,33585328758,"13 : 0.6878026, 13 : 0.28725082, 13 : 0.008693404"
431,45.041613,7.652277,46546377175,"13 : 0.7202672, 13 : 0.2724051, 13 : 0.0020469278"
432,45.041613,7.652277,33585328568,"13 : 0.5118303, 13 : 0.08513271, 13 : 0.06094407"
433,45.041613,7.652277,33585328478,"13 : 0.4446152, 13 : 0.13899222, 4 : 0.12979813"
434,45.041613,7.652277,46546385255,"13 : 0.1611849, 13 : 0.13207188, 13 : 0.11017211"
435,45.041613,7.652277,33585335338,"13 : 0.72048324, 13 : 0.24260476, 13 : 0.005729779"
436,45.041613,7.652277,46738531924,"13 : 0.5421259, 13 : 0.12566774, 13 : 0.11001321"
437,45.041613,7.652277,46546381695,"13 : 0.5626503, 13 : 0.39525262, 13 : 0.0053762756"
438,45.041613,7.652277,46738529584,"13 : 0.8874226, 13 : 0.038997546, 13 : 0.031141097"
439,45.041613,7.652277,33585329678,"13 : 0.2430182, 13 : 0.15552711, 13 : 0.14193292"
440,45.091865,7.663732,46594068935,"9 : 0.101686366, 9 : 0.08925375, 9 : 0.08753449"
441,45.09665,7.627819,47761860002,"2 : 0.29344383, 7 : 0.04097648, 7 : 0.036035392"
442,45.02355,7.669294,47855018021,"13 : 0.9833066, 13 : 0.00091515464, 13 : 0.000431024"
443,45.023569,7.66928,32910932457,"13 : 0.38518322, 3 : 0.1699662, 13 : 0.04107263"
444,45.023569,7.66928,40888370513,"13 : 0.08529237, 13 : 0.084696725, 2 : 0.074358076"
445,45.023569,7.66928,32910932177,"13 : 0.890562, 13 : 0.01366203, 13 : 0.0068044094"
446,45.023569,7.66928,40888370103,"13 : 0.15072526, 13 : 0.097347386, 14 : 0.07154692"
447,45.023569,7.66928,32910931917,"13 : 0.06798275, 7 : 0.06449919, 7 : 0.06086027"
448,45.023569,7.66928,47855017111,"13 : 0.8453988, 13 : 0.010727093, 7 : 0.0068577486"
449,45.023569,7.66928,47855016931,"13 : 0.20928843, 7 : 0.18559308, 13 : 0.051374447"
450,45.023569,7.66928,47802875472,"13 : 0.21224314, 7 : 0.18112484, 7 : 0.13821545"
451,45.023569,7.66928,33977698588,"13 : 0.9327131, 13 : 0.02077993, 13 : 0.00791661"
452,45.023569,7.66928,47802874982,"13 : 0.64045155, 13 : 0.1347585, 13 : 0.030465156"
453,45.023569,7.66928,47065588374,"13 : 0.40912256, 13 : 0.042597674, 7 : 0.032017097"
454,45.023569,7.66928,47855015691,"13 : 0.30866238, 13 : 0.15945737, 14 : 0.05604133"
455,45.023569,7.66928,32910930567,"7 : 0.16934729, 13 : 0.07908794, 14 : 0.03983599"
456,45.023569,7.66928,47065588184,"13 : 0.14653084, 7 : 0.050964527, 13 : 0.037300527"
457,45.023569,7.66928,47065588104,"7 : 0.46256882, 7 : 0.23841621, 13 : 0.028288968"
458,45.023569,7.66928,47802873572,"2 : 0.7519302, 2 : 0.14394358, 2 : 0.018730083"
459,45.02353,7.669297,47802870372,"13 : 0.18653907, 14 : 0.12565261, 13 : 0.12362666"
460,45.02353,7.669297,46938728035,"8 : 0.2739016, 8 : 0.09385014, 13 : 0.047136456"
461,45.023569,7.66928,47802869722,"13 : 0.07839245, 13 : 0.062490404, 13 : 0.056405384"
462,45.02353,7.669297,47802869352,"7 : 0.3207211, 7 : 0.08890929, 7 : 0.04433606"
463,45.02353,7.669297,47802869152,"2 : 0.15475458, 7 : 0.05929428, 13 : 0.03179999"
464,45.02353,7.669297,47802869012,"7 : 0.36687586, 7 : 0.036234755, 7 : 0.029318161"
465,45.02353,7.669297,47802868842,"7 : 0.67219776, 7 : 0.02597748, 2 : 0.018788956"
466,45.02353,7.669297,47855011551,"7 : 0.5246606, 10 : 0.39422134, 13 : 0.007326651"
467,45.02353,7.669297,47802868522,"7 : 0.77194583, 7 : 0.01308865, 2 : 0.009035902"
468,45.02353,7.669297,47802868442,"7 : 0.425088, 2 : 0.11026842, 7 : 0.044201586"
469,45.02353,7.669297,46938726325,"13 : 0.03970563, 13 : 0.021041382, 7 : 0.01925791"
470,45.02353,7.669297,47802868312,"2 : 0.87947863, 13 : 0.017049413, 14 : 0.01628459"
471,45.02353,7.669297,47802868062,"2 : 0.07606648, 2 : 0.059751377, 7 : 0.059089024"
472,45.02353,7.669297,46938725715,"13 : 0.28261772, 13 : 0.14965518, 7 : 0.1037982"
473,45.02353,7.669297,47802867432,"13 : 0.96334124, 2 : 0.022927087, 13 : 0.0012117012"
474,45.02353,7.669297,47855010111,"13 : 0.35576856, 13 : 0.1685329, 13 : 0.028039997"
475,45.02353,7.669297,47802867152,"13 : 0.38709053, 13 : 0.12383282, 13 : 0.0341974"
476,45.02353,7.669297,47802866852,"7 : 0.7114672, 7 : 0.05752641, 7 : 0.03564556"
477,45.02353,7.669297,47802866902,"14 : 0.40024883, 7 : 0.16210958, 7 : 0.10034565"
478,45.02353,7.669297,47802866752,"14 : 0.59585476, 7 : 0.10700824, 13 : 0.0948688"
479,45.02353,7.669297,40888364403,"2 : 0.7149912, 7 : 0.029194642, 7 : 0.021282742"
480,45.02353,7.669297,47065584904,"7 : 0.58000726, 2 : 0.035946745, 7 : 0.03434776"
481,45.02353,7.669297,47855009291,"7 : 0.5776861, 7 : 0.25875986, 14 : 0.03216667"
482,45.02353,7.669297,47065584704,"13 : 0.08566149, 13 : 0.08216025, 13 : 0.037193336"
483,45.02353,7.669297,47855008571,"7 : 0.43776986, 7 : 0.038916547, 13 : 0.030687854"
484,45.02353,7.669297,47855008391,"13 : 0.5640091, 13 : 0.11088587, 7 : 0.053291347"
485,45.02353,7.669297,47065584374,"13 : 0.8628995, 13 : 0.041901715, 13 : 0.0018819248"
486,45.02353,7.669297,47855007281,"13 : 0.86576015, 13 : 0.03202103, 7 : 0.017175982"
487,45.02353,7.669297,33977694338,"13 : 0.37096626, 13 : 0.058505315, 13 : 0.02292977"
488,45.02353,7.669297,47855006831,"13 : 0.9586367, 13 : 0.0039677755, 13 : 0.002912338"
489,45.02353,7.669297,33977694118,"13 : 0.56471586, 13 : 0.02469907, 7 : 0.015256648"
490,45.02353,7.669297,47855006321,"13 : 0.8265024, 13 : 0.024386121, 13 : 0.01583307"
491,45.023563,7.669311,33977693948,"7 : 0.13567084, 2 : 0.12145044, 2 : 0.024235584"
492,45.023563,7.669311,47855005941,"7 : 0.2637248, 7 : 0.11748111, 7 : 0.041424558"
493,45.023563,7.669311,47855005741,"7 : 0.33818993, 6 : 0.041299254, 7 : 0.03711501"
494,45.023563,7.669311,47855005111,"13 : 0.39571127, 3 : 0.35892603, 3 : 0.032687195"
495,45.023563,7.669311,40888362353,"13 : 0.7829295, 13 : 0.019090898, 13 : 0.008347497"
496,45.023563,7.669311,47855004741,"13 : 0.50920177, 13 : 0.3220451, 13 : 0.013819531"
497,45.023563,7.669311,40888362203,"13 : 0.28171054, 13 : 0.15919764, 7 : 0.12751234"
498,45.023563,7.669311,47855004211,"14 : 0.09440801, 7 : 0.056677498, 13 : 0.056541264"
499,45.023563,7.669311,40888362013,"3 : 0.4578325, 3 : 0.25034642, 8 : 0.03281999"
500,45.023563,7.669311,47855003641,"13 : 0.25254533, 8 : 0.103759356, 13 : 0.07217464"
501,45.023563,7.669311,33977692488,"10 : 0.19307382, 2 : 0.09687603, 13 : 0.058331273"
502,45.023563,7.669311,47855003121,"13 : 0.7867557, 14 : 0.035711586, 13 : 0.03266388"
503,45.023563,7.669311,47855003031,"13 : 0.63900965, 13 : 0.07947444, 7 : 0.007543943"
504,45.023563,7.669311,46938721355,"13 : 0.9837392, 13 : 0.005540738, 13 : 0.0017588685"
505,45.023563,7.669311,33977691918,"13 : 0.6063554, 13 : 0.1492977, 13 : 0.021211771"
506,45.023563,7.669311,46938721025,"13 : 0.28690174, 13 : 0.06759584, 13 : 0.050478"
507,45.023563,7.669311,32910922217,"13 : 0.31677777, 7 : 0.06518726, 7 : 0.030038504"
508,45.023563,7.669311,46938720595,"13 : 0.7773813, 13 : 0.049743503, 8 : 0.020938452"
509,45.023563,7.669311,47855000951,"13 : 0.95505184, 13 : 0.008996665, 13 : 0.0026602992"
510,45.023563,7.669311,40888360603,"13 : 0.77649033, 8 : 0.017262483, 13 : 0.014731698"
511,45.023563,7.669311,47065581034,"13 : 0.27771395, 13 : 0.108949564, 3 : 0.1033052"
512,45.023563,7.669311,40888360363,"13 : 0.9984451, 13 : 0.00020505996, 13 : 0.000193066"
513,45.023563,7.669311,47065580744,"8 : 0.21635573, 13 : 0.10038588, 13 : 0.05535807"
514,45.023563,7.669311,40888360243,"2 : 0.41215712, 13 : 0.058967795, 7 : 0.039981503"
515,45.023563,7.669311,47855000541,"13 : 0.9797285, 13 : 0.0014899201, 13 : 0.0013809399"
516,45.023563,7.669311,40888359993,"13 : 0.6871213, 13 : 0.07253513, 13 : 0.017077973"
517,45.023563,7.669311,46938718965,"13 : 0.36770844, 13 : 0.09582501, 13 : 0.0860056"
518,45.023563,7.669311,40888359723,"13 : 0.107704975, 6 : 0.105565526, 13 : 0.053560235"
519,45.023563,7.669311,32910921157,"7 : 0.13471957, 2 : 0.0511357"
520,45.023563,7.669311,46938718365,"7 : 0.6138354, 13 : 0.08225344, 7 : 0.01639247"
521,45.023563,7.669311,40888359503,"7 : 0.17261001, 13 : 0.15364365, 13 : 0.09483846"
522,45.023563,7.669311,46938717955,"7 : 0.07558163, 13 : 0.045962065, 13 : 0.04252791"
523,45.023563,7.669311,40888359263,"13 : 0.17729165, 7 : 0.13748221, 13 : 0.10255966"
524,45.023563,7.669311,46938717335,"13 : 0.16131063, 13 : 0.10982368, 13 : 0.06319585"
525,45.023563,7.669311,40888359023,"13 : 0.23214002, 13 : 0.14226356, 7 : 0.07995754"
526,45.023563,7.669311,32910920517,"7 : 0.16868025, 13 : 0.11578959, 13 : 0.109914534"
527,45.023563,7.669311,40888358773,"13 : 0.19327556, 13 : 0.078108296, 13 : 0.058538556"
528,45.023563,7.669311,47065578034,"13 : 0.18587938, 7 : 0.13061483, 6 : 0.06244295"
529,45.023563,7.669311,32910920027,"13 : 0.98794985, 13 : 0.00067104894, 13 : 0.000649533"
530,45.023108,7.668669,40888358093,"13 : 0.5204463, 13 : 0.02884227, 8 : 0.02430947"
531,45.023108,7.668669,40888357913,"13 : 0.97802645, 13 : 0.0017179637, 13 : 0.0017137509"
532,45.023108,7.668669,46938714965,"13 : 0.94438505, 2 : 0.0039915405, 13 : 0.0027415866"
533,45.023108,7.668669,40888357703,"13 : 0.9955324, 13 : 0.0012471462, 7 : 0.0004940661"
534,45.023108,7.668669,46938714655,"13 : 0.27591944, 7 : 0.2747926, 13 : 0.10164123"
535,45.023108,7.668669,40888357273,"2 : 0.66566515, 13 : 0.06223651, 8 : 0.024047472"
536,45.023108,7.668669,47854998681,"13 : 0.21257105, 13 : 0.109851204, 7 : 0.08528106"
537,45.023108,7.668669,47802860512,"13 : 0.2805229, 13 : 0.057184387, 13 : 0.053843524"
538,45.023108,7.668669,47802860262,"13 : 0.9454862, 13 : 0.0022066042, 13 : 0.0020535658"
539,45.023108,7.668669,47802859872,"13 : 0.99714464, 13 : 0.00036922493, 8 : 0.0001399303"
540,45.023108,7.668669,47802859692,"13 : 0.44790688, 14 : 0.037754856, 13 : 0.029226005"
541,45.023108,7.668669,47802859482,"13 : 0.17140836, 13 : 0.037509143, 7 : 0.03679335"
542,45.065336,7.695583,47802859322,"13 : 0.95322156, 13 : 0.0048715863, 13 : 0.00288489"
543,45.065336,7.695583,47802859092,"13 : 0.35192415, 13 : 0.059835203, 2 : 0.050211925"
544,45.065336,7.695583,47802858892,"13 : 0.48673493, 13 : 0.069016844, 13 : 0.052247178"
545,45.065336,7.695583,32910917537,"13 : 0.8111619, 13 : 0.11880499, 7 : 0.021075925"
546,45.065336,7.695583,47802857762,"13 : 0.8317863, 13 : 0.13286248, 13 : 0.0046235584"
547,45.023569,7.66928,47802857312,"2 : 0.536079, 13 : 0.058252178, 13 : 0.04783254"
548,45.023569,7.66928,32910916627,"2 : 0.19219874, 2 : 0.04841013, 13 : 0.045170024"
549,45.023569,7.66928,47802856332,"13 : 0.9905166, 13 : 0.0012139071, 7 : 0.00023910282"
550,45.023569,7.66928,47802856222,"13 : 0.8332156, 13 : 0.008510412, 13 : 0.007934635"
551,45.023569,7.66928,47802855932,"14 : 0.4930365, 7 : 0.09708432, 13 : 0.062371172"
552,45.023569,7.66928,47802855702,"13 : 0.96909016, 13 : 0.0020354507, 13 : 0.0008794837"
553,45.023569,7.66928,47802855172,"13 : 0.9863174, 13 : 0.00046589243, 8 : 0.0004220626"
554,45.023569,7.66928,40888352233,"13 : 0.9997944, 13 : 1.5749694e-05, 13 : 8.0821355e-06"
555,45.023569,7.66928,40888352143,"13 : 0.93963104, 13 : 0.009687165, 13 : 0.007918567"
556,45.02355,7.669294,40888351913,"13 : 0.9925943, 13 : 0.0018805418, 13 : 0.0002896339"
557,45.02355,7.669294,40888351533,"13 : 0.9876687, 13 : 0.0016716638, 7 : 0.0006400334"
558,45.135978,7.623438,46967526755,"2 : 0.6462415, 2 : 0.21917963, 9 : 0.045929097"
559,45.032463,7.641082,48320726476,"6 : 0.27955857, 2 : 0.18999043, 5 : 0.14310108"
560,45.064518,7.697296,48381830537,"13 : 0.38637456, 13 : 0.37022159, 9 : 0.0700012"
561,45.064518,7.697296,48378647456,"13 : 0.233119, 13 : 0.20166545, 9 : 0.08086451"
562,45.064518,7.697296,48372021882,"13 : 0.2487394, 9 : 0.16905837, 13 : 0.13941257"
563,45.064518,7.697296,48365549616,"13 : 0.18900636, 9 : 0.15685946, 9 : 0.15173861"
564,45.064518,7.697296,48363964042,"13 : 0.37735513, 9 : 0.1056039, 13 : 0.08511167"
565,45.071848,7.684689,48120523273,"13 : 0.14786257, 13 : 0.0785911, 13 : 0.07737989"
566,45.072959,7.686738,48478819796,"11 : 0.6396593, 2 : 0.17942776, 2 : 0.02283227"
567,45.100676,7.686889,48616002971,"13 : 0.83911747, 13 : 0.025361406, 13 : 0.0047439397"
568,45.100676,7.686889,48615721926,"13 : 0.4635611, 13 : 0.069507346, 13 : 0.033887435"
569,45.100676,7.686889,48616023411,"13 : 0.30879077, 13 : 0.14636351, 13 : 0.09471321"
570,45.100676,7.686889,48616008436,"13 : 0.8809532, 13 : 0.029872032, 13 : 0.0074548437"
571,45.100676,7.686889,48616152787,"13 : 0.6337103, 13 : 0.19347708, 13 : 0.12862566"
572,45.100676,7.686889,48615651118,"13 : 0.8891839, 13 : 0.056279138, 13 : 0.018281339"
573,45.100676,7.686889,48615996061,"13 : 0.8389739, 13 : 0.04478478, 13 : 0.022846784"
574,45.100676,7.686889,48615646903,"13 : 0.54108065, 13 : 0.44997096, 13 : 0.0018686553"
575,45.100676,7.686889,48615645488,"13 : 0.8553696, 13 : 0.03730305, 13 : 0.036218576"
576,45.100676,7.686889,48616136232,"13 : 0.821593, 13 : 0.118704885, 13 : 0.02004672"
577,45.100676,7.686889,48616133432,"13 : 0.95824575, 13 : 0.013394299, 13 : 0.012192067"
578,45.100676,7.686889,48616131247,"13 : 0.8976086, 13 : 0.07548166, 13 : 0.0067209373"
579,45.100676,7.686889,48615377758,"13 : 0.42971176, 13 : 0.14300665, 13 : 0.051487792"
580,45.100676,7.686889,48615366198,"13 : 0.7294391, 13 : 0.025150351, 13 : 0.019023547"
581,45.100676,7.686889,48615365223,"13 : 0.6409171, 13 : 0.08001721, 9 : 0.03013582"
582,45.100676,7.686889,48615711586,"13 : 0.46805456, 13 : 0.16048054, 13 : 0.14760056"
583,45.100676,7.686889,48615859177,"13 : 0.55480117, 13 : 0.27810663, 10 : 0.01475917"
584,45.100676,7.686889,48615361893,"13 : 0.38679126, 13 : 0.26482055, 13 : 0.19862516"
585,45.100676,7.686889,48615358928,"13 : 0.33831733, 13 : 0.18894647, 13 : 0.044661976"
586,45.100676,7.686889,48615699046,"13 : 0.80290085, 13 : 0.08822456, 13 : 0.029957382"
587,45.100676,7.686889,48615846937,"13 : 0.9475683, 13 : 0.044852875, 13 : 0.0016891803"
588,45.073569,7.684597,48940845253,"2 : 0.7048303, 9 : 0.05465264, 1 : 0.020283425"
589,45.066883,7.670581,48777874733,"8 : 0.30867815, 9 : 0.061486732, 1 : 0.058212"
590,45.073569,7.684597,48798563776,"13 : 0.15211454, 13 : 0.0905212, 8 : 0.08679273"
591,45.063548,7.696051,48861242773,"13 : 0.50562143, 2 : 0.12614512, 12 : 0.033034753"
592,45.072429,7.679786,48866176661,"2 : 0.36495408, 11 : 0.24056414, 1 : 0.08460024"
593,45.040817,7.649863,48866158901,"5 : 0.4953919, 7 : 0.016518457, 13 : 0.016458185"
594,45.040817,7.649863,48865629928,"9 : 0.09488115, 5 : 0.032437235, 3 : 0.027157616"
595,45.066701,7.660388,48889825383,"13 : 0.89892733, 13 : 0.07192019, 13 : 0.008506179"
596,45.066701,7.660388,48890552177,"13 : 0.7753336, 13 : 0.07646027, 13 : 0.073663116"
597,45.066701,7.660388,48890545757,"13 : 0.94107985, 13 : 0.02588045, 13 : 0.016155863"
598,45.066701,7.660388,48890527177,"13 : 0.58018154, 13 : 0.13494378, 13 : 0.1337131"
599,45.066701,7.660388,48889809753,"13 : 0.76752335, 13 : 0.0375285, 3 : 0.00979106"
600,45.066701,7.660388,48889806393,"13 : 0.67190504, 13 : 0.19222021, 13 : 0.096376516"
601,45.066701,7.660388,48890323096,"13 : 0.9674553, 13 : 0.017816707, 13 : 0.0041625826"
602,45.066701,7.660388,48890319481,"13 : 0.51605016, 13 : 0.11137167, 13 : 0.100343734"
603,45.066701,7.660388,48890496627,"13 : 0.7613234, 13 : 0.14115338, 13 : 0.04408583"
604,45.066701,7.660388,48889775583,"13 : 0.52771217, 13 : 0.31981122, 13 : 0.036928188"
605,45.066701,7.660388,48889566443,"13 : 0.83253074, 13 : 0.025784316, 13 : 0.017600184"
606,45.066701,7.660388,48889558983,"13 : 0.7260527, 13 : 0.058656294, 13 : 0.028004082"
607,45.066701,7.660388,48890269147,"13 : 0.7987067, 13 : 0.11376181, 13 : 0.011676475"
608,45.066701,7.660388,48890080351,"13 : 0.87809783, 13 : 0.08710106, 13 : 0.013814298"
609,45.066701,7.660388,48890076556,"13 : 0.78230834, 13 : 0.06741835, 13 : 0.024490714"
610,45.066701,7.660388,48889540058,"13 : 0.964911, 13 : 0.013395465, 13 : 0.011080518"
611,45.066701,7.660388,48890211292,"13 : 0.66642874, 13 : 0.3026116, 13 : 0.0050070775"
612,45.066701,7.660388,48890167157,"13 : 0.6890885, 13 : 0.09883274, 13 : 0.034763455"
613,45.057683,7.63023,49012208571,"13 : 0.42168024, 13 : 0.079582214, 13 : 0.018175736"
614,45.057683,7.63023,49012411037,"13 : 0.67897236, 14 : 0.015083994, 13 : 0.006575349"
615,45.057683,7.63023,49012201891,"13 : 0.17842215, 13 : 0.07557756, 13 : 0.041420788"
616,45.057683,7.63023,49011671203,"13 : 0.79917437, 13 : 0.15466912, 13 : 0.0014415178"
617,45.057683,7.63023,49011671023,"13 : 0.24577029, 13 : 0.2253725, 13 : 0.027170183"
618,45.057683,7.63023,49012409832,"13 : 0.7049501, 13 : 0.059667166, 7 : 0.012599609"
619,45.057683,7.63023,49012409692,"13 : 0.9435395, 13 : 0.0068755564, 12 : 0.0023443555"
620,45.057683,7.63023,49012200436,"13 : 0.56254685, 13 : 0.10206414, 7 : 0.027475903"
621,45.057683,7.63023,49012199801,"13 : 0.30424577, 13 : 0.047002334, 13 : 0.025166972"
622,45.057683,7.63023,49012199511,"13 : 0.67196286, 13 : 0.053939458, 13 : 0.021235134"
623,45.057683,7.63023,49012408387,"13 : 0.9921957, 13 : 0.0038253865, 7 : 0.00012146275"
624,45.057683,7.63023,49011668543,"13 : 0.37939683, 13 : 0.051561784, 13 : 0.023316097"
625,45.057683,7.63023,49012209581,"13 : 0.8067447, 7 : 0.02993445, 13 : 0.026332384"
626,45.057683,7.63023,49012209341,"13 : 0.97618574, 13 : 0.012821437, 13 : 0.00034080708"
627,45.057683,7.63023,49012209131,"13 : 0.48135984, 13 : 0.12113676, 7 : 0.09878304"
628,45.057683,7.63023,49012417717,"13 : 0.63104683, 13 : 0.0667382, 13 : 0.041805822"
629,45.057683,7.63023,49012417572,"7 : 0.46038333, 8 : 0.062207375, 7 : 0.033891547"
630,45.057683,7.63023,49012208376,"13 : 0.44566298, 13 : 0.04180773, 13 : 0.03195738"
631,45.057683,7.63023,49012411177,"8 : 0.08537075, 13 : 0.07228981, 12 : 0.03506398"
632,45.057683,7.63023,49012410172,"13 : 0.8852578, 13 : 0.020693265, 6 : 0.0013604121"
633,45.057683,7.63023,49012409572,"13 : 0.53997535, 13 : 0.17145102, 9 : 0.04888472"
634,45.057683,7.63023,49012409152,"13 : 0.24953131, 12 : 0.032903064, 2 : 0.017144488"
635,45.057683,7.63023,49011669548,"9 : 0.48963448, 10 : 0.067031324, 14 : 0.051430438"
636,45.057683,7.63023,49011669428,"13 : 0.8799695, 13 : 0.012066963, 13 : 0.0023394425"
637,45.057683,7.63023,49012199866,"13 : 0.89166814, 13 : 0.048439965, 7 : 0.008052736"
638,45.057683,7.63023,49012199636,"13 : 0.3801564, 7 : 0.17949288, 13 : 0.014849165"
639,45.057683,7.63023,49011669058,"13 : 0.8672278, 13 : 0.034977905, 7 : 0.0058596074"
640,45.057683,7.63023,49012199461,"13 : 0.6542169, 13 : 0.1331583, 13 : 0.0427925"
641,45.057683,7.63023,49012408457,"9 : 0.34643164, 10 : 0.077635385, 14 : 0.032909352"
642,45.057683,7.63023,49012199296,"13 : 0.90080523, 13 : 0.021809895, 7 : 0.0057292036"
643,45.057683,7.63023,49012408182,"13 : 0.513355, 13 : 0.01909419, 13 : 0.015890488"
644,45.057683,7.63023,49012199156,"13 : 0.80222356, 13 : 0.071742855, 13 : 0.0090895165"
645,45.085627,7.681888,49154014442,"13 : 0.69854695, 13 : 0.08053671, 2 : 0.062041085"
646,45.060599,7.644208,31994456250,"3 : 0.24329536, 3 : 0.20101282, 3 : 0.04308339"
647,45.060599,7.644208,31994446420,"3 : 0.9702191, 3 : 0.0019125454, 3 : 0.0018008936"
648,45.060599,7.644208,31528995774,"3 : 0.12695178, 3 : 0.106498, 3 : 0.0756114"
649,45.149464,7.767827,32886610963,"13 : 0.8354672, 8 : 0.0025031886, 13 : 0.002411652"
650,45.149464,7.767827,33570786211,"13 : 0.85666645, 8 : 0.0022180686, 6 : 0.001968387"
651,45.149464,7.767827,33543643632,"13 : 0.7286011, 8 : 0.008318037, 13 : 0.0069391844"
652,45.149464,7.767827,32886550553,"13 : 0.76650715, 8 : 0.0031410775, 13 : 0.003031995"
653,45.149464,7.767827,33658965436,"13 : 0.37618458, 13 : 0.22826575, 13 : 0.21805534"
654,45.149464,7.767827,33315790380,"10 : 0.2304394, 7 : 0.06989781, 10 : 0.06960854"
655,45.064253,7.690709,32823405004,"9 : 0.09445618, 4 : 0.050292503, 13 : 0.044201724"
656,45.031681,7.674175,32966156584,"8 : 0.2827515, 2 : 0.057078924, 2 : 0.052095555"
657,45.0667,7.7,33798404165,"13 : 0.39157233, 13 : 0.2733021, 13 : 0.23685078"
658,45.068888,7.693055,34077891555,"1 : 0.61717457, 1 : 0.022079192, 1 : 0.01670748"
659,45.068594,7.684383,33693810870,"12 : 0.18143614, 2 : 0.15536359, 2 : 0.081693694"
660,45.068594,7.684383,34077574925,"12 : 0.2035832, 10 : 0.1852424, 9 : 0.15272257"
661,45.068594,7.684383,33235670414,"1 : 0.94909036, 9 : 0.0076415776, 11 : 0.006984958"
662,45.067698,7.681986,34257726675,"3 : 0.23155399, 3 : 0.20766345, 3 : 0.062959135"
663,45.060426,7.676889,34592480233,"8 : 0.543195, 8 : 0.35506514, 8 : 0.009455283"
664,45.060426,7.676889,35235333452,"8 : 0.46282312, 8 : 0.23461467, 8 : 0.047478177"
665,45.046508,7.677897,37919299726,"3 : 0.7099486, 3 : 0.12139327, 3 : 0.01462648"
666,45.046463,7.67803,26197239439,"3 : 0.6465103, 3 : 0.12733051, 3 : 0.10400587"
667,45.046486,7.677983,37919294786,"3 : 0.6245974, 3 : 0.117283635, 3 : 0.039786782"
668,45.064079,7.69692,23942291697,"9 : 0.38168523, 1 : 0.32879013, 11 : 0.083688974"
669,45.052828,7.682581,37952762295,"2 : 0.35482314, 13 : 0.10837776, 1 : 0.10434627"
670,45.07123,7.690539,25585325308,"11 : 0.49644494, 11 : 0.22873726, 1 : 0.036314264"
671,45.032463,7.641082,41390565662,"6 : 0.96233547, 5 : 0.00939969, 5 : 0.0038938343"
672,45.048789,7.667566,41283916662,"13 : 0.62543887, 13 : 0.1829909, 13 : 0.109847054"
673,45.066841,7.660517,46842987691,"2 : 0.6496246, 13 : 0.1340819, 13 : 0.046574738"
674,45.064215,7.696673,41860186620,"9 : 0.2013672, 13 : 0.0932168, 13 : 0.06630738"
675,45.136259,7.626078,28843474247,"3 : 0.13158706, 2 : 0.046925724, 2 : 0.032990027"
676,45.069166,7.695277,29062719097,"2 : 0.047598075, 2 : 0.041798517, 3 : 0.03351005"
677,45.098745,7.688466,30475177348,"13 : 0.9670465, 13 : 0.015420837, 13 : 0.010903989"
678,45.097753,7.688938,44338814624,"13 : 0.7508416, 13 : 0.20343113, 13 : 0.010973345"
679,45.097753,7.688938,45010214772,"13 : 0.97101486, 13 : 0.010086571, 13 : 0.009054773"
680,45.098745,7.688466,30475192338,"13 : 0.7110781, 13 : 0.24201937, 13 : 0.010986584"
681,45.098745,7.688466,43436425565,"13 : 0.351658, 13 : 0.20470668, 13 : 0.06008149"
682,45.098745,7.688466,43436382565,"13 : 0.38307792, 13 : 0.12655118, 13 : 0.11528942"
683,45.098745,7.688466,43625645894,"13 : 0.9935772, 13 : 0.0046489923, 13 : 0.0006410411"
684,45.098745,7.688466,44341852671,"13 : 0.989101, 13 : 0.008273292, 13 : 0.0016271066"
685,45.068265,7.682855,45264282172,"11 : 0.33193913, 11 : 0.1846741, 11 : 0.08185256"
686,45.047527,7.673913,45259197294,"13 : 0.51807016, 13 : 0.07474652, 13 : 0.03034294"
687,45.047527,7.673913,45983196521,"13 : 0.89670175, 13 : 0.032483943, 13 : 0.027307658"
688,45.047527,7.673913,45071346495,"13 : 0.21616371, 13 : 0.19845106, 13 : 0.09780901"
689,45.047527,7.673913,44167124960,"13 : 0.3818248, 13 : 0.21621421, 4 : 0.033831656"
690,45.070943,7.685873,32306032638,"11 : 0.32842726, 3 : 0.32159948, 2 : 0.046852995"
691,45.070943,7.685873,44360740520,"1 : 0.32869148, 11 : 0.2823552, 10 : 0.03200163"
692,45.071093,7.686066,44360733590,"1 : 0.65850645, 1 : 0.1359157, 11 : 0.06570367"
693,45.070792,7.686438,49884943173,"9 : 0.51016295, 13 : 0.01916227, 7 : 0.015628144"
694,45.070792,7.686438,33635461448,"4 : 0.3936447, 9 : 0.087512806, 7 : 0.06127119"
695,45.070398,7.686953,46097904144,"1 : 0.9163422, 9 : 0.01439447, 1 : 0.003375139"
696,45.070747,7.68646,46047534154,"13 : 0.28742766, 1 : 0.16552028, 7 : 0.062546134"
697,45.070747,7.68646,32797426978,"13 : 0.1204516, 13 : 0.09591907, 2 : 0.07729924"
698,45.070398,7.686953,46430934412,"9 : 0.48771182, 13 : 0.10601607, 11 : 0.095513016"
699,45.054719,7.684743,45761354755,"1 : 0.9117681, 9 : 0.0125756925, 1 : 0.0118660545"
700,45.072653,7.686465,44621105930,"10 : 0.93852365, 10 : 0.01888963, 10 : 0.0105779935"
701,45.052802,7.679314,46743700401,"13 : 0.7938792, 13 : 0.09154533, 13 : 0.045627944"
702,45.042529,7.651344,33661169728,"13 : 0.95803785, 13 : 0.02185444, 13 : 0.0044449833"
703,45.042529,7.651344,47537906071,"13 : 0.51682174, 2 : 0.1690844, 13 : 0.07227479"
704,45.042529,7.651344,32595463717,"13 : 0.15696113, 10 : 0.074002646, 7 : 0.044428676"
705,45.042529,7.651344,47537902361,"13 : 0.38043118, 7 : 0.13642049, 7 : 0.04959792"
706,45.042529,7.651344,32595463647,"13 : 0.13958716, 13 : 0.13382028, 13 : 0.11259415"
707,45.042529,7.651344,47485195922,"7 : 0.33964452, 13 : 0.09458023, 7 : 0.060221344"
708,45.042529,7.651344,47485195662,"13 : 0.7693133, 13 : 0.060465716, 13 : 0.038883876"
709,45.042529,7.651344,47485195242,"13 : 0.69920033, 6 : 0.06602403, 7 : 0.034841876"
710,45.042529,7.651344,47485195192,"13 : 0.68294823, 13 : 0.3043877, 13 : 0.005689471"
711,45.042529,7.651344,47537897991,"7 : 0.6129916, 7 : 0.082532436, 10 : 0.04139319"
712,45.042529,7.651344,47537897301,"13 : 0.9323781, 13 : 0.013348027, 13 : 0.0023571162"
713,45.042529,7.651344,47537896391,"13 : 0.44697568, 13 : 0.051163998, 9 : 0.039363503"
714,45.042529,7.651344,46622394525,"13 : 0.53141904, 13 : 0.238331, 13 : 0.037772197"
715,45.042529,7.651344,46622394285,"13 : 0.6958239, 13 : 0.093328625, 9 : 0.020376118"
716,45.041613,7.652277,33585328898,"13 : 0.6334954, 13 : 0.023676349, 8 : 0.023519639"
717,45.072598,7.701011,46693651675,"9 : 0.8490341, 9 : 0.04637001, 5 : 0.034371093"
718,45.023569,7.66928,40888369783,"13 : 0.50450677, 13 : 0.17722821, 13 : 0.04341396"
719,45.023569,7.66928,47855016731,"7 : 0.5382789, 13 : 0.071795225, 13 : 0.041547768"
720,45.023569,7.66928,32910930027,"13 : 0.5345848, 13 : 0.08706013, 13 : 0.07358358"
721,45.02353,7.669297,47855008101,"13 : 0.99138683, 13 : 0.0011244377, 13 : 0.000122053185"
722,45.023563,7.669311,33977693588,"13 : 0.65506715, 13 : 0.072577365, 2 : 0.012701133"
723,45.023563,7.669311,33977692768,"13 : 0.42079425, 7 : 0.0869796, 13 : 0.056201864"
724,45.023563,7.669311,47065581484,"13 : 0.99543047, 13 : 0.00022922677, 8 : 0.00019028358"
725,45.023563,7.669311,47855001051,"13 : 0.98944116, 13 : 0.0008186394, 13 : 0.0002475886"
726,45.023563,7.669311,47065577574,"13 : 0.98053, 13 : 0.0022308053, 13 : 0.0011486822"
727,45.023108,7.668669,46938714205,"13 : 0.42314076, 13 : 0.0504339, 7 : 0.02753532"
728,45.065336,7.695583,47802858582,"13 : 0.348188, 13 : 0.077250764, 8 : 0.063846245"
729,45.065336,7.695583,32910917747,"13 : 0.9869496, 7 : 0.00054711645, 13 : 0.00048302498"
730,45.065336,7.695583,47802858112,"13 : 0.09788874, 13 : 0.090098485, 13 : 0.089780524"
731,45.023569,7.66928,47802857532,"8 : 0.10550326, 13 : 0.0940508, 13 : 0.061798193"
732,45.023569,7.66928,47802856672,"7 : 0.041638788, 10 : 0.037059195, 10 : 0.0359703"
733,45.023569,7.66928,47802855402,"13 : 0.23286444, 7 : 0.1414222, 7 : 0.052881405"
734,45.02355,7.669294,40888351723,"13 : 0.5211207, 13 : 0.08441935, 7 : 0.04350387"
735,45.054136,7.686867,48402666577,"1 : 0.86622715, 1 : 0.0948304, 11 : 0.0012300696"
736,45.066247,7.688655,48573525691,"11 : 0.2254179, 1 : 0.15259485, 11 : 0.13334112"
737,45.100676,7.686889,48615372003,"13 : 0.9231784, 13 : 0.049348034, 13 : 0.0036112845"
738,45.066701,7.660388,48890475232,"13 : 0.9132918, 13 : 0.029220542, 13 : 0.008338312"
739,45.066701,7.660388,48889465398,"13 : 0.27781382, 13 : 0.15849264, 13 : 0.08166142"
740,45.066701,7.660388,48890165757,"13 : 0.5206564, 13 : 0.36281288, 7 : 0.01593817"
741,45.057683,7.63023,49012409967,"13 : 0.464374, 13 : 0.0969746, 13 : 0.017530706"
742,45.045186,7.639488,49256152002,"5 : 0.47322384, 5 : 0.15932481, 5 : 0.08502126"
743,45.060599,7.644208,32371683915,"3 : 0.72570956, 3 : 0.13863598, 3 : 0.0632772"
744,45.149464,7.767827,33699991905,"13 : 0.926547, 13 : 0.0066298614, 8 : 0.0048002037"
745,45.149464,7.767827,33699994025,"13 : 0.9064446, 13 : 0.0012425144, 13 : 0.0006721294"
746,45.149464,7.767827,33543639902,"13 : 0.9317069, 13 : 0.0064445743, 13 : 0.0031959051"
747,45.062579,7.699044,33852773571,"9 : 0.8220344, 13 : 0.013260916, 8 : 0.007389414"
748,45.070759,7.685115,33126538553,"1 : 0.78148174, 1 : 0.03891407, 11 : 0.015485199"
749,45.071005,7.68558,33818319981,"12 : 0.04474805, 7 : 0.0358615, 3 : 0.033710647"
750,45.068594,7.684383,33948428971,"2 : 0.26814324, 10 : 0.06354627, 12 : 0.055574637"
751,45.071797,7.683355,28343371709,"13 : 0.58117336, 9 : 0.13200016, 9 : 0.09682782"
752,45.098745,7.688466,43436432005,"13 : 0.7194827, 13 : 0.27258682, 13 : 0.005806435"
753,45.098745,7.688466,30475185748,"13 : 0.9472367, 13 : 0.03570265, 13 : 0.0044407267"
754,45.098745,7.688466,43436428135,"13 : 0.7399233, 13 : 0.1115931, 13 : 0.08984904"
755,45.098745,7.688466,30475176178,"13 : 0.6984979, 13 : 0.2614351, 13 : 0.010614012"
756,45.098745,7.688466,44293647402,"13 : 0.9002158, 13 : 0.046910215, 13 : 0.006461427"
757,45.098745,7.688466,43436381985,"13 : 0.96045345, 13 : 0.02282044, 13 : 0.0032470298"
758,45.098745,7.688466,44341914381,"13 : 0.9343491, 13 : 0.017795034, 8 : 0.005326066"
759,45.077013,7.669266,30798270867,"8 : 0.88252544, 8 : 0.0062888386, 8 : 0.0039731488"
760,45.070943,7.685873,32306028408,"11 : 0.2193735, 1 : 0.0695842, 3 : 0.061261114"
761,45.071093,7.686066,44360735850,"1 : 0.9159507, 11 : 0.03622498, 1 : 0.010477938"
762,45.070747,7.68646,39692917753,"2 : 0.6577486, 11 : 0.15369815, 11 : 0.041694924"
763,45.057706,7.632452,46295507444,"13 : 0.26627624, 7 : 0.222123, 13 : 0.1298734"
764,45.071575,7.666852,47481540531,"8 : 0.74828595, 8 : 0.15069121, 8 : 0.027941382"
765,45.023108,7.668669,47802860072,"13 : 0.99507433, 13 : 0.00042734313, 13 : 0.0002816688"
766,45.023569,7.66928,47802869902,"13 : 0.19849496, 13 : 0.12431362, 13 : 0.031720083"
767,45.023569,7.66928,32910916047,"13 : 0.8461735, 8 : 0.04474194, 13 : 0.037239518"
768,45.023563,7.669311,32910920297,"13 : 0.34837636, 13 : 0.033896223, 13 : 0.030001674"
769,45.072541,7.667027,48057526592,"8 : 0.586374, 8 : 0.23815858, 8 : 0.04625317"
770,45.068358,7.68985,48573676652,"9 : 0.66698617, 8 : 0.057467323, 3 : 0.023808027"
771,45.065002,7.686533,48573526081,"1 : 0.41220826, 11 : 0.36713117, 1 : 0.04272536"
772,45.069463,7.688363,48573676342,"11 : 0.6970955, 2 : 0.09127806, 11 : 0.04479088"
773,45.070561,7.686855,48573676252,"7 : 0.16208726, 8 : 0.15679666, 7 : 0.13639551"
774,45.065005,7.686122,48573526286,"9 : 0.35627666, 2 : 0.2688848, 4 : 0.07118099"
775,45.068358,7.68985,48573676532,"8 : 0.17188516, 9 : 0.11975841, 8 : 0.09883458"
776,45.068186,7.690102,48573676787,"8 : 0.31641787, 8 : 0.12123813, 1 : 0.04355246"
777,45.065002,7.686533,48573525946,"4 : 0.25008324, 9 : 0.10538998, 9 : 0.050315924"
778,45.066701,7.660388,48889442773,"13 : 0.47645557, 13 : 0.22096236, 13 : 0.19834858"
