,lat,lng,label,counters
0,45.0548545439,7.6127998852,0,15
1,45.0548545439,7.6127998852,0,15
2,45.0548545439,7.6127998852,0,15
3,45.0841725,7.6166413,0,2
4,45.0841725,7.6166413,0,2
5,45.0841725,7.6166413,0,2
6,45.0816024,7.6242294,0,15
7,45.0816024,7.6242294,0,15
8,45.0816024,7.6242294,0,15
9,45.0810240717,7.6287543675,0,233
10,45.0810240717,7.6287543675,0,233
11,45.0810240717,7.6287543675,0,233
12,45.07137,7.63159,0,786
13,45.07137,7.63159,0,786
14,45.07137,7.63159,0,786
15,45.1352562051,7.6255846024,0,153
16,45.1352562051,7.6255846024,0,153
17,45.1352562051,7.6255846024,0,153
18,45.1350496,7.6259117,0,86
19,45.1350496,7.6259117,0,86
20,45.1350496,7.6259117,0,86
21,45.13013,7.62756,0,622
22,45.13013,7.62756,0,622
23,45.13013,7.62756,0,622
24,45.057820323,7.6347771272,0,147
25,45.057820323,7.6347771272,0,147
26,45.057820323,7.6347771272,0,147
27,45.0579952662,7.6350170672,0,237
28,45.0579952662,7.6350170672,0,237
29,45.0579952662,7.6350170672,0,237
30,45.046549,7.6373134,0,7
31,45.046549,7.6373134,0,7
32,45.046549,7.6373134,0,7
33,45.0816380151,7.63413854,0,77
34,45.0816380151,7.63413854,0,77
35,45.0816380151,7.63413854,0,77
36,45.02793,7.64162,0,25
37,45.02793,7.64162,0,25
38,45.02793,7.64162,0,25
39,45.0751444,7.6372028,0,194
40,45.0751444,7.6372028,0,194
41,45.0751444,7.6372028,0,194
42,45.076913,7.638546,0,266
43,45.076913,7.638546,0,266
44,45.076913,7.638546,0,266
45,45.1274849429,7.6347633121,0,216
46,45.1274849429,7.6347633121,0,216
47,45.1274849429,7.6347633121,0,216
48,45.0380052004,7.6434803009,0,15
49,45.0380052004,7.6434803009,0,15
50,45.0380052004,7.6434803009,0,15
51,45.06097,7.64139,0,147
52,45.06097,7.64139,0,147
53,45.06097,7.64139,0,147
54,45.0236624479,7.645894289,0,40
55,45.0236624479,7.645894289,0,40
56,45.0236624479,7.645894289,0,40
57,45.06259765,7.64263446,0,130
58,45.06259765,7.64263446,0,130
59,45.06259765,7.64263446,0,130
60,45.0620938134,7.6428419352,0,85
61,45.0620938134,7.6428419352,0,85
62,45.0620938134,7.6428419352,0,85
63,45.0680512,7.6427919,0,446
64,45.0680512,7.6427919,0,446
65,45.0680512,7.6427919,0,446
66,45.089899,7.643002,0,49
67,45.089899,7.643002,0,49
68,45.089899,7.643002,0,49
69,45.0660441884,7.6461715326,0,249
70,45.0660441884,7.6461715326,0,249
71,45.0660441884,7.6461715326,0,249
72,45.075102815,7.645507893,0,209
73,45.075102815,7.645507893,0,209
74,45.075102815,7.645507893,0,209
75,45.0577885693,7.6473107138,0,39
76,45.0577885693,7.6473107138,0,39
77,45.0577885693,7.6473107138,0,39
78,45.0333,7.65,0,521
79,45.0333,7.65,0,521
80,45.0333,7.65,0,521
81,45.1140532,7.6432792,0,597
82,45.1140532,7.6432792,0,597
83,45.1140532,7.6432792,0,597
84,45.07758,7.64703,0,249
85,45.07758,7.64703,0,249
86,45.07758,7.64703,0,249
87,45.0429601477,7.6517800678,0,16
88,45.0429601477,7.6517800678,0,16
89,45.0429601477,7.6517800678,0,16
90,45.0574095627,7.6520084819,0,140
91,45.0574095627,7.6520084819,0,140
92,45.0574095627,7.6520084819,0,140
93,45.0544,7.65386,0,20
94,45.0544,7.65386,0,20
95,45.0544,7.65386,0,20
96,45.030746673,7.656459415,0,173
97,45.030746673,7.656459415,0,173
98,45.030746673,7.656459415,0,173
99,45.0205056,7.6580006,0,161
100,45.0205056,7.6580006,0,161
101,45.0205056,7.6580006,0,161
102,45.08161,7.65438,0,145
103,45.08161,7.65438,0,145
104,45.08161,7.65438,0,145
105,45.07379239,7.65665754,0,68
106,45.07379239,7.65665754,0,68
107,45.07379239,7.65665754,0,68
108,45.0677133305,7.6582283434,0,30
109,45.0677133305,7.6582283434,0,30
110,45.0677133305,7.6582283434,0,30
111,45.0302004,7.661891,0,1024
112,45.0302004,7.661891,0,1024
113,45.0302004,7.661891,0,1024
114,45.0917225958,7.6572291581,0,304
115,45.0917225958,7.6572291581,0,304
116,45.0917225958,7.6572291581,0,304
117,45.0288472699,7.6637579128,0,106
118,45.0288472699,7.6637579128,0,106
119,45.0288472699,7.6637579128,0,106
120,45.0630154173,7.6613065439,0,112
121,45.0630154173,7.6613065439,0,112
122,45.0630154173,7.6613065439,0,112
123,45.0718,7.66188999999999,0,3
124,45.0718,7.66188999999999,0,3
125,45.0718,7.66188999999999,0,3
126,45.0330479187,7.6659926694,0,211
127,45.0330479187,7.6659926694,0,211
128,45.0330479187,7.6659926694,0,211
129,45.06949,7.663,0,342
130,45.06949,7.663,0,342
131,45.06949,7.663,0,342
132,45.0343729107,7.6667458378,0,783
133,45.0343729107,7.6667458378,0,783
134,45.0343729107,7.6667458378,0,783
135,45.0617113659,7.6644349513,0,500
136,45.0617113659,7.6644349513,0,500
137,45.0617113659,7.6644349513,0,500
138,45.0353713517,7.6672375264,0,26
139,45.0353713517,7.6672375264,0,26
140,45.0353713517,7.6672375264,0,26
141,45.09984,7.66164,0,48
142,45.09984,7.66164,0,48
143,45.09984,7.66164,0,48
144,45.0723827064,7.6651336644,0,153
145,45.0723827064,7.6651336644,0,153
146,45.0723827064,7.6651336644,0,153
147,45.07262,7.66527,0,59
148,45.07262,7.66527,0,59
149,45.07262,7.66527,0,59
150,45.06845,7.66621,0,22
151,45.06845,7.66621,0,22
152,45.06845,7.66621,0,22
153,45.06858,7.66623999999999,0,452
154,45.06858,7.66623999999999,0,452
155,45.06858,7.66623999999999,0,452
156,45.0717583406,7.6660066088,0,174
157,45.0717583406,7.6660066088,0,174
158,45.0717583406,7.6660066088,0,174
159,45.0688083333,7.66687,0,132
160,45.0688083333,7.66687,0,132
161,45.0688083333,7.66687,0,132
162,45.0572205,7.66818,0,285
163,45.0572205,7.66818,0,285
164,45.0572205,7.66818,0,285
165,45.086182025,7.6656970117,0,100
166,45.086182025,7.6656970117,0,100
167,45.086182025,7.6656970117,0,100
168,45.04312217,7.66988841,0,80
169,45.04312217,7.66988841,0,80
170,45.04312217,7.66988841,0,80
171,45.06681,7.66835,0,76
172,45.06681,7.66835,0,76
173,45.06681,7.66835,0,76
174,45.04277,7.67114,0,1
175,45.04277,7.67114,0,1
176,45.04277,7.67114,0,1
177,45.0423113185,7.6713144965,0,505
178,45.0423113185,7.6713144965,0,505
179,45.0423113185,7.6713144965,0,505
180,45.07708,7.66799,0,106
181,45.07708,7.66799,0,106
182,45.07708,7.66799,0,106
183,45.0648909696,7.6691889234,0,241
184,45.0648909696,7.6691889234,0,241
185,45.0648909696,7.6691889234,0,241
186,45.07729,7.66806,0,321
187,45.07729,7.66806,0,321
188,45.07729,7.66806,0,321
189,45.0650818788,7.6692546522,0,276
190,45.0650818788,7.6692546522,0,276
191,45.0650818788,7.6692546522,0,276
192,45.0727356263,7.6686502341,0,8
193,45.0727356263,7.6686502341,0,8
194,45.0727356263,7.6686502341,0,8
195,45.06498,7.66974,0,25
196,45.06498,7.66974,0,25
197,45.06498,7.66974,0,25
198,45.08182,7.66891,0,28
199,45.08182,7.66891,0,28
200,45.08182,7.66891,0,28
201,45.0317495706,7.6738175365,0,10
202,45.0317495706,7.6738175365,0,10
203,45.0317495706,7.6738175365,0,10
204,45.04769,7.67284999999999,0,77
205,45.04769,7.67284999999999,0,77
206,45.04769,7.67284999999999,0,77
207,45.04627,7.67312,0,3
208,45.04627,7.67312,0,3
209,45.04627,7.67312,0,3
210,45.07629013,7.67068005,0,54
211,45.07629013,7.67068005,0,54
212,45.07629013,7.67068005,0,54
213,45.0648230605,7.673818811,0,208
214,45.0648230605,7.673818811,0,208
215,45.0648230605,7.673818811,0,208
216,45.06079,7.6743,0,2
217,45.06079,7.6743,0,2
218,45.06079,7.6743,0,2
219,45.05246,7.67591,0,25
220,45.05246,7.67591,0,25
221,45.05246,7.67591,0,25
222,45.05215,7.67613999999999,0,223
223,45.05215,7.67613999999999,0,223
224,45.05215,7.67613999999999,0,223
225,45.052697151,7.6764203841,0,370
226,45.052697151,7.6764203841,0,370
227,45.052697151,7.6764203841,0,370
228,45.08184,7.67433,0,546
229,45.08184,7.67433,0,546
230,45.08184,7.67433,0,546
231,45.0498101994,7.6788847523,0,757
232,45.0498101994,7.6788847523,0,757
233,45.0498101994,7.6788847523,0,757
234,45.06892,7.67714,0,328
235,45.06892,7.67714,0,328
236,45.06892,7.67714,0,328
237,45.069154109,7.6772410071,0,122
238,45.069154109,7.6772410071,0,122
239,45.069154109,7.6772410071,0,122
240,45.0715999,7.67714,0,319
241,45.0715999,7.67714,0,319
242,45.0715999,7.67714,0,319
243,45.0705571,7.6773319,0,81
244,45.0705571,7.6773319,0,81
245,45.0705571,7.6773319,0,81
246,45.0702,7.6777,0,47
247,45.0702,7.6777,0,47
248,45.0702,7.6777,0,47
249,45.07095,7.67763,0,219
250,45.07095,7.67763,0,219
251,45.07095,7.67763,0,219
252,45.04771,7.6799,0,89
253,45.04771,7.6799,0,89
254,45.04771,7.6799,0,89
255,45.04768,7.67993,0,347
256,45.04768,7.67993,0,347
257,45.04768,7.67993,0,347
258,45.057672625,7.6789780751,0,8
259,45.057672625,7.6789780751,0,8
260,45.057672625,7.6789780751,0,8
261,45.0696484926,7.6778120898,0,11
262,45.0696484926,7.6778120898,0,11
263,45.0696484926,7.6778120898,0,11
264,45.0739508795,7.677475262,0,512
265,45.0739508795,7.677475262,0,512
266,45.0739508795,7.677475262,0,512
267,45.0623704173,7.6787111163,0,18
268,45.0623704173,7.6787111163,0,18
269,45.0623704173,7.6787111163,0,18
270,45.06853,7.67836,0,7
271,45.06853,7.67836,0,7
272,45.06853,7.67836,0,7
273,45.0497591,7.6803562,0,1
274,45.0497591,7.6803562,0,1
275,45.0497591,7.6803562,0,1
276,45.07089,7.67833,0,272
277,45.07089,7.67833,0,272
278,45.07089,7.67833,0,272
279,45.0693399,7.67855,0,174
280,45.0693399,7.67855,0,174
281,45.0693399,7.67855,0,174
282,45.04942,7.6805,0,54
283,45.04942,7.6805,0,54
284,45.04942,7.6805,0,54
285,45.0721717,7.678401,0,123
286,45.0721717,7.678401,0,123
287,45.0721717,7.678401,0,123
288,45.0635695758,7.6795352737,0,459
289,45.0635695758,7.6795352737,0,459
290,45.0635695758,7.6795352737,0,459
291,45.0747209,7.678486,0,41
292,45.0747209,7.678486,0,41
293,45.0747209,7.678486,0,41
294,45.07299,7.67869,0,3
295,45.07299,7.67869,0,3
296,45.07299,7.67869,0,3
297,45.0748333333,7.6785555556,0,500
298,45.0748333333,7.6785555556,0,500
299,45.0748333333,7.6785555556,0,500
300,45.0655,7.67949,0,28
301,45.0655,7.67949,0,28
302,45.0655,7.67949,0,28
303,45.065106281,7.67953373769999,0,854
304,45.065106281,7.67953373769999,0,854
305,45.065106281,7.67953373769999,0,854
306,45.07089,7.67906,0,95
307,45.07089,7.67906,0,95
308,45.07089,7.67906,0,95
309,45.05851,7.68055,0,10
310,45.05851,7.68055,0,10
311,45.05851,7.68055,0,10
312,45.0547054525,7.68097045249999,0,138
313,45.0547054525,7.68097045249999,0,138
314,45.0547054525,7.68097045249999,0,138
315,45.0764268,7.67886235,0,28
316,45.0764268,7.67886235,0,28
317,45.0764268,7.67886235,0,28
318,45.05427,7.68131,0,8
319,45.05427,7.68131,0,8
320,45.05427,7.68131,0,8
321,45.06243,7.68062,0,158
322,45.06243,7.68062,0,158
323,45.06243,7.68062,0,158
324,45.0754435053,7.67939100099999,0,179
325,45.0754435053,7.67939100099999,0,179
326,45.0754435053,7.67939100099999,0,179
327,45.072138107,7.6798268975,0,245
328,45.072138107,7.6798268975,0,245
329,45.072138107,7.6798268975,0,245
330,45.070488,7.680393,0,1
331,45.070488,7.680393,0,1
332,45.070488,7.680393,0,1
333,45.0656106902,7.6810751982,0,51
334,45.0656106902,7.6810751982,0,51
335,45.0656106902,7.6810751982,0,51
336,45.047646351,7.6829989722,0,18
337,45.047646351,7.6829989722,0,18
338,45.047646351,7.6829989722,0,18
339,45.0467236362,7.6831425929,0,157
340,45.0467236362,7.6831425929,0,157
341,45.0467236362,7.6831425929,0,157
342,45.0743160415,7.6806218081,0,104
343,45.0743160415,7.6806218081,0,104
344,45.0743160415,7.6806218081,0,104
345,45.0730940539,7.6808501202,0,512
346,45.0730940539,7.6808501202,0,512
347,45.0730940539,7.6808501202,0,512
348,45.0584558,7.6825035,0,125
349,45.0584558,7.6825035,0,125
350,45.0584558,7.6825035,0,125
351,45.0653112144,7.6819278291,0,138
352,45.0653112144,7.6819278291,0,138
353,45.0653112144,7.6819278291,0,138
354,45.06352,7.68246,0,409
355,45.06352,7.68246,0,409
356,45.06352,7.68246,0,409
357,45.06687,7.68218,0,20
358,45.06687,7.68218,0,20
359,45.06687,7.68218,0,20
360,45.0625615513,7.6826616433,0,64
361,45.0625615513,7.6826616433,0,64
362,45.0625615513,7.6826616433,0,64
363,45.0498764393,7.6839280128,0,500
364,45.0498764393,7.6839280128,0,500
365,45.0498764393,7.6839280128,0,500
366,45.073006,7.68172899999999,0,25
367,45.073006,7.68172899999999,0,25
368,45.073006,7.68172899999999,0,25
369,45.0715603,7.68200959999999,0,26
370,45.0715603,7.68200959999999,0,26
371,45.0715603,7.68200959999999,0,26
372,45.04454054,7.68475739,0,7
373,45.04454054,7.68475739,0,7
374,45.04454054,7.68475739,0,7
375,45.0677,7.68257,0,83
376,45.0677,7.68257,0,83
377,45.0677,7.68257,0,83
378,45.073958435,7.6819863999,0,31
379,45.073958435,7.6819863999,0,31
380,45.073958435,7.6819863999,0,31
381,45.0485423744,7.684571743,0,61
382,45.0485423744,7.684571743,0,61
383,45.0485423744,7.684571743,0,61
384,45.069,7.6827,0,3
385,45.069,7.6827,0,3
386,45.069,7.6827,0,3
387,45.0500347694,7.684555122,0,98
388,45.0500347694,7.684555122,0,98
389,45.0500347694,7.684555122,0,98
390,45.07277,7.6824,0,245
391,45.07277,7.6824,0,245
392,45.07277,7.6824,0,245
393,45.07117,7.68262,0,445
394,45.07117,7.68262,0,445
395,45.07117,7.68262,0,445
396,45.06919,7.68284,0,43
397,45.06919,7.68284,0,43
398,45.06919,7.68284,0,43
399,45.072047,7.682624,0,69
400,45.072047,7.682624,0,69
401,45.072047,7.682624,0,69
402,45.07116,7.68275,0,330
403,45.07116,7.68275,0,330
404,45.07116,7.68275,0,330
405,45.06778,7.68328,0,133
406,45.06778,7.68328,0,133
407,45.06778,7.68328,0,133
408,45.0633192231,7.6838295567,0,916
409,45.0633192231,7.6838295567,0,916
410,45.0633192231,7.6838295567,0,916
411,45.0867,7.6816247,0,24
412,45.0867,7.6816247,0,24
413,45.0867,7.6816247,0,24
414,45.06151,7.68409,0,20
415,45.06151,7.68409,0,20
416,45.06151,7.68409,0,20
417,45.06284,7.68396999999999,0,124
418,45.06284,7.68396999999999,0,124
419,45.06284,7.68396999999999,0,124
420,45.0633408545,7.6839799297,0,85
421,45.0633408545,7.6839799297,0,85
422,45.0633408545,7.6839799297,0,85
423,45.0727251899,7.6831056573,0,402
424,45.0727251899,7.6831056573,0,402
425,45.0727251899,7.6831056573,0,402
426,45.0579369501,7.6845847754,0,53
427,45.0579369501,7.6845847754,0,53
428,45.0579369501,7.6845847754,0,53
429,45.0571404,7.68467,0,211
430,45.0571404,7.68467,0,211
431,45.0571404,7.68467,0,211
432,45.0532974658,7.6850635095,0,272
433,45.0532974658,7.6850635095,0,272
434,45.0532974658,7.6850635095,0,272
435,45.0532982625,7.685064479,0,31
436,45.0532982625,7.685064479,0,31
437,45.0532982625,7.685064479,0,31
438,45.0647194444,7.6840194444,0,503
439,45.0647194444,7.6840194444,0,503
440,45.0647194444,7.6840194444,0,503
441,45.0706215902,7.6838104592,0,3
442,45.0706215902,7.6838104592,0,3
443,45.0706215902,7.6838104592,0,3
444,45.0756494603,7.6833487849,0,94
445,45.0756494603,7.6833487849,0,94
446,45.0756494603,7.6833487849,0,94
447,45.07527,7.68343,0,47
448,45.07527,7.68343,0,47
449,45.07527,7.68343,0,47
450,45.0542686946,7.6855427731,0,59
451,45.0542686946,7.6855427731,0,59
452,45.0542686946,7.6855427731,0,59
453,45.07902,7.68325,0,35
454,45.07902,7.68325,0,35
455,45.07902,7.68325,0,35
456,45.0686259266,7.684418885,0,15
457,45.0686259266,7.684418885,0,15
458,45.0686259266,7.684418885,0,15
459,45.0727673334,7.6840215002,0,87
460,45.0727673334,7.6840215002,0,87
461,45.0727673334,7.6840215002,0,87
462,45.079049,7.683531,0,9
463,45.079049,7.683531,0,9
464,45.079049,7.683531,0,9
465,45.054,7.686,0,239
466,45.054,7.686,0,239
467,45.054,7.686,0,239
468,45.077204462,7.6838639633,0,398
469,45.077204462,7.6838639633,0,398
470,45.077204462,7.6838639633,0,398
471,45.0623,7.68556,0,88
472,45.0623,7.68556,0,88
473,45.0623,7.68556,0,88
474,45.074582826,7.6844293763,0,40
475,45.074582826,7.6844293763,0,40
476,45.074582826,7.6844293763,0,40
477,45.0692,7.68496,0,496
478,45.0692,7.68496,0,496
479,45.0692,7.68496,0,496
480,45.0692901092,7.6849586298,0,140
481,45.0692901092,7.6849586298,0,140
482,45.0692901092,7.6849586298,0,140
483,45.07163,7.68481,0,226
484,45.07163,7.68481,0,226
485,45.07163,7.68481,0,226
486,45.0695045203,7.685022515,0,225
487,45.0695045203,7.685022515,0,225
488,45.0695045203,7.685022515,0,225
489,45.06353,7.68565,0,108
490,45.06353,7.68565,0,108
491,45.06353,7.68565,0,108
492,45.0672158851,7.6853192191,0,8
493,45.0672158851,7.6853192191,0,8
494,45.0672158851,7.6853192191,0,8
495,45.0709024881,7.6849819832,0,301
496,45.0709024881,7.6849819832,0,301
497,45.0709024881,7.6849819832,0,301
498,45.071377628,7.68498623139999,0,2
499,45.071377628,7.68498623139999,0,2
500,45.071377628,7.68498623139999,0,2
501,45.0714227,7.68499142,0,749
502,45.0714227,7.68499142,0,749
503,45.0714227,7.68499142,0,749
504,45.0734173017,7.684853789,0,915
505,45.0734173017,7.684853789,0,915
506,45.0734173017,7.684853789,0,915
507,45.0728105418,7.68506038059999,0,501
508,45.0728105418,7.68506038059999,0,501
509,45.0728105418,7.68506038059999,0,501
510,45.06943,7.68567,0,168
511,45.06943,7.68567,0,168
512,45.06943,7.68567,0,168
513,45.0689310725,7.6857218405,0,759
514,45.0689310725,7.6857218405,0,759
515,45.0689310725,7.6857218405,0,759
516,45.0710050897,7.6855802536,0,138
517,45.0710050897,7.6855802536,0,138
518,45.0710050897,7.6855802536,0,138
519,45.0733217182,7.6853978634,0,22
520,45.0733217182,7.6853978634,0,22
521,45.0733217182,7.6853978634,0,22
522,45.0688797,7.6858971,0,46
523,45.0688797,7.6858971,0,46
524,45.0688797,7.6858971,0,46
525,45.06187,7.68677,0,27
526,45.06187,7.68677,0,27
527,45.06187,7.68677,0,27
528,45.0720835,7.6858452,0,17
529,45.0720835,7.6858452,0,17
530,45.0720835,7.6858452,0,17
531,45.09873,7.68327,0,37
532,45.09873,7.68327,0,37
533,45.09873,7.68327,0,37
534,45.0722818415,7.68585762779999,0,26
535,45.0722818415,7.68585762779999,0,26
536,45.0722818415,7.68585762779999,0,26
537,45.0730116668,7.685842365,0,373
538,45.0730116668,7.685842365,0,373
539,45.0730116668,7.685842365,0,373
540,45.0578709397,7.6873385158,0,9
541,45.0578709397,7.6873385158,0,9
542,45.0578709397,7.6873385158,0,9
543,45.06949187,7.6864922,0,19
544,45.06949187,7.6864922,0,19
545,45.06949187,7.6864922,0,19
546,45.06976,7.68648,0,203
547,45.06976,7.68648,0,203
548,45.06976,7.68648,0,203
549,45.07165,7.68634,0,123
550,45.07165,7.68634,0,123
551,45.07165,7.68634,0,123
552,45.0740217977,7.6861157485,0,5
553,45.0740217977,7.6861157485,0,5
554,45.0740217977,7.6861157485,0,5
555,45.07165,7.68635,0,1
556,45.07165,7.68635,0,1
557,45.07165,7.68635,0,1
558,45.0706030604,7.6864832261,0,66
559,45.0706030604,7.6864832261,0,66
560,45.0706030604,7.6864832261,0,66
561,45.0645177895,7.6871350545,0,18
562,45.0645177895,7.6871350545,0,18
563,45.0645177895,7.6871350545,0,18
564,45.072245284,7.686491901,0,411
565,45.072245284,7.686491901,0,411
566,45.072245284,7.686491901,0,411
567,45.06199,7.68795,0,908
568,45.06199,7.68795,0,908
569,45.06199,7.68795,0,908
570,45.0756008301,7.686978557,0,257
571,45.0756008301,7.686978557,0,257
572,45.0756008301,7.686978557,0,257
573,45.06196,7.68831,0,180
574,45.06196,7.68831,0,180
575,45.06196,7.68831,0,180
576,45.0677,7.68782999999999,0,5
577,45.0677,7.68782999999999,0,5
578,45.0677,7.68782999999999,0,5
579,45.06605,7.68805,0,510
580,45.06605,7.68805,0,510
581,45.06605,7.68805,0,510
582,45.06954,7.68792,0,200
583,45.06954,7.68792,0,200
584,45.06954,7.68792,0,200
585,45.0801,7.68703,0,17
586,45.0801,7.68703,0,17
587,45.0801,7.68703,0,17
588,45.07078617,7.688075,0,149
589,45.07078617,7.688075,0,149
590,45.07078617,7.688075,0,149
591,45.0664049583,7.6887374555,0,98
592,45.0664049583,7.6887374555,0,98
593,45.0664049583,7.6887374555,0,98
594,45.06909,7.68848,0,3
595,45.06909,7.68848,0,3
596,45.06909,7.68848,0,3
597,45.06138,7.68926,0,170
598,45.06138,7.68926,0,170
599,45.06138,7.68926,0,170
600,45.0669675,7.6889511,0,16
601,45.0669675,7.6889511,0,16
602,45.0669675,7.6889511,0,16
603,45.0694384493,7.6888893927,0,18
604,45.0694384493,7.6888893927,0,18
605,45.0694384493,7.6888893927,0,18
606,45.0919268576,7.6867222965,0,87
607,45.0919268576,7.6867222965,0,87
608,45.0919268576,7.6867222965,0,87
609,45.0656512,7.6892899,0,12
610,45.0656512,7.6892899,0,12
611,45.0656512,7.6892899,0,12
612,45.0609213038,7.6898348874,0,109
613,45.0609213038,7.6898348874,0,109
614,45.0609213038,7.6898348874,0,109
615,45.0632426626,7.6897601602,0,207
616,45.0632426626,7.6897601602,0,207
617,45.0632426626,7.6897601602,0,207
618,45.0673922779,7.6894788163,0,6
619,45.0673922779,7.6894788163,0,6
620,45.0673922779,7.6894788163,0,6
621,45.0650291937,7.6897182316,0,10
622,45.0650291937,7.6897182316,0,10
623,45.0650291937,7.6897182316,0,10
624,45.065814867,7.689873316,0,264
625,45.065814867,7.689873316,0,264
626,45.065814867,7.689873316,0,264
627,45.0583727929,7.6906737685,0,19
628,45.0583727929,7.6906737685,0,19
629,45.0583727929,7.6906737685,0,19
630,45.0699182666,7.6900598958,0,33
631,45.0699182666,7.6900598958,0,33
632,45.0699182666,7.6900598958,0,33
633,45.0699915346,7.6901378373,0,116
634,45.0699915346,7.6901378373,0,116
635,45.0699915346,7.6901378373,0,116
636,45.0680123842,7.6903775442,0,89
637,45.0680123842,7.6903775442,0,89
638,45.0680123842,7.6903775442,0,89
639,45.09255,7.68823,0,8
640,45.09255,7.68823,0,8
641,45.09255,7.68823,0,8
642,45.07512,7.6901,0,26
643,45.07512,7.6901,0,26
644,45.07512,7.6901,0,26
645,45.05811,7.6918,0,4
646,45.05811,7.6918,0,4
647,45.05811,7.6918,0,4
648,45.06533,7.6914,0,298
649,45.06533,7.6914,0,298
650,45.06533,7.6914,0,298
651,45.0655891098,7.6917372308,0,106
652,45.0655891098,7.6917372308,0,106
653,45.0655891098,7.6917372308,0,106
654,45.0632037245,7.6920158957,0,500
655,45.0632037245,7.6920158957,0,500
656,45.0632037245,7.6920158957,0,500
657,45.0655284128,7.6917980119,0,430
658,45.0655284128,7.6917980119,0,430
659,45.0655284128,7.6917980119,0,430
660,45.0661802152,7.6917546988,0,32
661,45.0661802152,7.6917546988,0,32
662,45.0661802152,7.6917546988,0,32
663,45.06416,7.69249999999999,0,113
664,45.06416,7.69249999999999,0,113
665,45.06416,7.69249999999999,0,113
666,45.079903025,7.691124,0,259
667,45.079903025,7.691124,0,259
668,45.079903025,7.691124,0,259
669,45.0571399,7.69376,0,352
670,45.0571399,7.69376,0,352
671,45.0571399,7.69376,0,352
672,45.0690467,7.6930523,0,36
673,45.0690467,7.6930523,0,36
674,45.0690467,7.6930523,0,36
675,45.0688759059,7.6930689812,0,71
676,45.0688759059,7.6930689812,0,71
677,45.0688759059,7.6930689812,0,71
678,45.0663759336,7.6933792336,0,22
679,45.0663759336,7.6933792336,0,22
680,45.0663759336,7.6933792336,0,22
681,45.0655097581,7.6938383563,0,8
682,45.0655097581,7.6938383563,0,8
683,45.0655097581,7.6938383563,0,8
684,45.08091,7.6924,0,124
685,45.08091,7.6924,0,124
686,45.08091,7.6924,0,124
687,45.05704281,7.69473175999999,0,83
688,45.05704281,7.69473175999999,0,83
689,45.05704281,7.69473175999999,0,83
690,45.06196,7.69427,0,137
691,45.06196,7.69427,0,137
692,45.06196,7.69427,0,137
693,45.0618573139,7.6944051404,0,47
694,45.0618573139,7.6944051404,0,47
695,45.0618573139,7.6944051404,0,47
696,45.06801,7.69392,0,280
697,45.06801,7.69392,0,280
698,45.06801,7.69392,0,280
699,45.0661101218,7.6944610476,0,149
700,45.0661101218,7.6944610476,0,149
701,45.0661101218,7.6944610476,0,149
702,45.0623276802,7.6948302754,0,31
703,45.0623276802,7.6948302754,0,31
704,45.0623276802,7.6948302754,0,31
705,45.0684526,7.6942959,0,53
706,45.0684526,7.6942959,0,53
707,45.0684526,7.6942959,0,53
708,45.0624034752,7.6949649391,0,1
709,45.0624034752,7.6949649391,0,1
710,45.0624034752,7.6949649391,0,1
711,45.06287,7.6951223025,0,58
712,45.06287,7.6951223025,0,58
713,45.06287,7.6951223025,0,58
714,45.06374,7.69509,0,20
715,45.06374,7.69509,0,20
716,45.06374,7.69509,0,20
717,45.0682457054,7.6947710861,0,357
718,45.0682457054,7.6947710861,0,357
719,45.0682457054,7.6947710861,0,357
720,45.1072092706,7.6910734177,0,38
721,45.1072092706,7.6910734177,0,38
722,45.1072092706,7.6910734177,0,38
723,45.0690645545,7.6949109822,0,91
724,45.0690645545,7.6949109822,0,91
725,45.0690645545,7.6949109822,0,91
726,45.0650276226,7.6954357986,0,71
727,45.0650276226,7.6954357986,0,71
728,45.0650276226,7.6954357986,0,71
729,45.07316,7.69507,0,141
730,45.07316,7.69507,0,141
731,45.07316,7.69507,0,141
732,45.07589,7.69523,0,378
733,45.07589,7.69523,0,378
734,45.07589,7.69523,0,378
735,45.064079269,7.696416378,0,7
736,45.064079269,7.696416378,0,7
737,45.064079269,7.696416378,0,7
738,45.0752363004,7.6953425863,0,403
739,45.0752363004,7.6953425863,0,403
740,45.0752363004,7.6953425863,0,403
741,45.064067509,7.696627748,0,322
742,45.064067509,7.696627748,0,322
743,45.064067509,7.696627748,0,322
744,45.05966,7.69719,0,182
745,45.05966,7.69719,0,182
746,45.05966,7.69719,0,182
747,45.0678,7.69697999999999,0,398
748,45.0678,7.69697999999999,0,398
749,45.0678,7.69697999999999,0,398
750,45.056880837,7.698483835,0,43
751,45.056880837,7.698483835,0,43
752,45.056880837,7.698483835,0,43
753,45.0907533748,7.6955125271,0,250
754,45.0907533748,7.6955125271,0,250
755,45.0907533748,7.6955125271,0,250
756,45.0622,7.6991,0,409
757,45.0622,7.6991,0,409
758,45.0622,7.6991,0,409
759,45.06065,7.69946,0,196
760,45.06065,7.69946,0,196
761,45.06065,7.69946,0,196
762,45.0685,7.69922,0,46
763,45.0685,7.69922,0,46
764,45.0685,7.69922,0,46
765,45.06868,7.69953,0,445
766,45.06868,7.69953,0,445
767,45.06868,7.69953,0,445
768,45.0621593401,7.7002457711,0,1
769,45.0621593401,7.7002457711,0,1
770,45.0621593401,7.7002457711,0,1
771,45.0667,7.7,0,18
772,45.0667,7.7,0,18
773,45.0667,7.7,0,18
774,45.06275,7.70084,0,343
775,45.06275,7.70084,0,343
776,45.06275,7.70084,0,343
777,45.0814487134,7.6990706753,0,15
778,45.0814487134,7.6990706753,0,15
779,45.0814487134,7.6990706753,0,15
780,45.070186271,7.700185604,0,91
781,45.070186271,7.700185604,0,91
782,45.070186271,7.700185604,0,91
783,45.06162,7.70285,0,133
784,45.06162,7.70285,0,133
785,45.06162,7.70285,0,133
786,45.09253,7.70029,0,752
787,45.09253,7.70029,0,752
788,45.09253,7.70029,0,752
789,45.07336,7.70344,0,415
790,45.07336,7.70344,0,415
791,45.07336,7.70344,0,415
792,45.06969,7.70493,0,121
793,45.06969,7.70493,0,121
794,45.06969,7.70493,0,121
795,45.0583,7.70824,0,29
796,45.0583,7.70824,0,29
797,45.0583,7.70824,0,29
798,45.05608839,7.70903158,0,4
799,45.05608839,7.70903158,0,4
800,45.05608839,7.70903158,0,4
801,45.0798,7.70678,0,83
802,45.0798,7.70678,0,83
803,45.0798,7.70678,0,83
804,45.0629491478,7.7117825043,0,45
805,45.0629491478,7.7117825043,0,45
806,45.0629491478,7.7117825043,0,45
807,45.0757511786,7.7112850359,0,113
808,45.0757511786,7.7112850359,0,113
809,45.0757511786,7.7112850359,0,113
